peptide	start	end	length	context_sequence
PASGPRHLMDPHIFA	1	15	15	PASGPRHLMDPHIFASNFNNGIGRHRTYLCYEVERLDNGT
ASGPRHLMDPHIFAS	2	16	15	PASGPRHLMDPHIFASNFNNGIGRHRTYLCYEVERLDNGT
SGPRHLMDPHIFASN	3	17	15	PASGPRHLMDPHIFASNFNNGIGRHRTYLCYEVERLDNGT
GPRHLMDPHIFASNF	4	18	15	PASGPRHLMDPHIFASNFNNGIGRHRTYLCYEVERLDNGT
PRHLMDPHIFASNFN	5	19	15	PASGPRHLMDPHIFASNFNNGIGRHRTYLCYEVERLDNGT
RHLMDPHIFASNFNN	6	20	15	PASGPRHLMDPHIFASNFNNGIGRHRTYLCYEVERLDNGT
HLMDPHIFASNFNNG	7	21	15	PASGPRHLMDPHIFASNFNNGIGRHRTYLCYEVERLDNGT
LMDPHIFASNFNNGI	8	22	15	PASGPRHLMDPHIFASNFNNGIGRHRTYLCYEVERLDNGT
MDPHIFASNFNNGIG	9	23	15	PASGPRHLMDPHIFASNFNNGIGRHRTYLCYEVERLDNGT
DPHIFASNFNNGIGR	10	24	15	PASGPRHLMDPHIFASNFNNGIGRHRTYLCYEVERLDNGT
PHIFASNFNNGIGRH	11	25	15	PASGPRHLMDPHIFASNFNNGIGRHRTYLCYEVERLDNGT
HIFASNFNNGIGRHR	12	26	15	PASGPRHLMDPHIFASNFNNGIGRHRTYLCYEVERLDNGT
IFASNFNNGIGRHRT	13	27	15	PASGPRHLMDPHIFASNFNNGIGRHRTYLCYEVERLDNGT
FASNFNNGIGRHRTY	14	28	15	PASGPRHLMDPHIFASNFNNGIGRHRTYLCYEVERLDNGT
ASNFNNGIGRHRTYL	15	29	15	PASGPRHLMDPHIFASNFNNGIGRHRTYLCYEVERLDNGT
SNFNNGIGRHRTYLC	16	30	15	PASGPRHLMDPHIFASNFNNGIGRHRTYLCYEVERLDNGT
NFNNGIGRHRTYLCY	17	31	15	PASGPRHLMDPHIFASNFNNGIGRHRTYLCYEVERLDNGT
FNNGIGRHRTYLCYE	18	32	15	PASGPRHLMDPHIFASNFNNGIGRHRTYLCYEVERLDNGT
NNGIGRHRTYLCYEV	19	33	15	PASGPRHLMDPHIFASNFNNGIGRHRTYLCYEVERLDNGT
NGIGRHRTYLCYEVE	20	34	15	PASGPRHLMDPHIFASNFNNGIGRHRTYLCYEVERLDNGT
GIGRHRTYLCYEVER	21	35	15	PASGPRHLMDPHIFASNFNNGIGRHRTYLCYEVERLDNGT
IGRHRTYLCYEVERL	22	36	15	PASGPRHLMDPHIFASNFNNGIGRHRTYLCYEVERLDNGT
GRHRTYLCYEVERLD	23	37	15	PASGPRHLMDPHIFASNFNNGIGRHRTYLCYEVERLDNGT
RHRTYLCYEVERLDN	24	38	15	PASGPRHLMDPHIFASNFNNGIGRHRTYLCYEVERLDNGT
HRTYLCYEVERLDNG	25	39	15	PASGPRHLMDPHIFASNFNNGIGRHRTYLCYEVERLDNGT
RTYLCYEVERLDNGT	26	40	15	PASGPRHLMDPHIFASNFNNGIGRHRTYLCYEVERLDNGT
PASGPRHLMDPHIFF	1	15	15	PASGPRHLMDPHIFFSNFNNGIGRHRTYLCYEVERLDNGT
ASGPRHLMDPHIFFS	2	16	15	PASGPRHLMDPHIFFSNFNNGIGRHRTYLCYEVERLDNGT
SGPRHLMDPHIFFSN	3	17	15	PASGPRHLMDPHIFFSNFNNGIGRHRTYLCYEVERLDNGT
GPRHLMDPHIFFSNF	4	18	15	PASGPRHLMDPHIFFSNFNNGIGRHRTYLCYEVERLDNGT
PRHLMDPHIFFSNFN	5	19	15	PASGPRHLMDPHIFFSNFNNGIGRHRTYLCYEVERLDNGT
RHLMDPHIFFSNFNN	6	20	15	PASGPRHLMDPHIFFSNFNNGIGRHRTYLCYEVERLDNGT
HLMDPHIFFSNFNNG	7	21	15	PASGPRHLMDPHIFFSNFNNGIGRHRTYLCYEVERLDNGT
LMDPHIFFSNFNNGI	8	22	15	PASGPRHLMDPHIFFSNFNNGIGRHRTYLCYEVERLDNGT
MDPHIFFSNFNNGIG	9	23	15	PASGPRHLMDPHIFFSNFNNGIGRHRTYLCYEVERLDNGT
DPHIFFSNFNNGIGR	10	24	15	PASGPRHLMDPHIFFSNFNNGIGRHRTYLCYEVERLDNGT
PHIFFSNFNNGIGRH	11	25	15	PASGPRHLMDPHIFFSNFNNGIGRHRTYLCYEVERLDNGT
HIFFSNFNNGIGRHR	12	26	15	PASGPRHLMDPHIFFSNFNNGIGRHRTYLCYEVERLDNGT
IFFSNFNNGIGRHRT	13	27	15	PASGPRHLMDPHIFFSNFNNGIGRHRTYLCYEVERLDNGT
FFSNFNNGIGRHRTY	14	28	15	PASGPRHLMDPHIFFSNFNNGIGRHRTYLCYEVERLDNGT
FSNFNNGIGRHRTYL	15	29	15	PASGPRHLMDPHIFFSNFNNGIGRHRTYLCYEVERLDNGT
SNFNNGIGRHRTYLC	16	30	15	PASGPRHLMDPHIFFSNFNNGIGRHRTYLCYEVERLDNGT
NFNNGIGRHRTYLCY	17	31	15	PASGPRHLMDPHIFFSNFNNGIGRHRTYLCYEVERLDNGT
FNNGIGRHRTYLCYE	18	32	15	PASGPRHLMDPHIFFSNFNNGIGRHRTYLCYEVERLDNGT
NNGIGRHRTYLCYEV	19	33	15	PASGPRHLMDPHIFFSNFNNGIGRHRTYLCYEVERLDNGT
NGIGRHRTYLCYEVE	20	34	15	PASGPRHLMDPHIFFSNFNNGIGRHRTYLCYEVERLDNGT
GIGRHRTYLCYEVER	21	35	15	PASGPRHLMDPHIFFSNFNNGIGRHRTYLCYEVERLDNGT
IGRHRTYLCYEVERL	22	36	15	PASGPRHLMDPHIFFSNFNNGIGRHRTYLCYEVERLDNGT
GRHRTYLCYEVERLD	23	37	15	PASGPRHLMDPHIFFSNFNNGIGRHRTYLCYEVERLDNGT
RHRTYLCYEVERLDN	24	38	15	PASGPRHLMDPHIFFSNFNNGIGRHRTYLCYEVERLDNGT
HRTYLCYEVERLDNG	25	39	15	PASGPRHLMDPHIFFSNFNNGIGRHRTYLCYEVERLDNGT
RTYLCYEVERLDNGT	26	40	15	PASGPRHLMDPHIFFSNFNNGIGRHRTYLCYEVERLDNGT
PASGPRHLMDPHIFK	1	15	15	PASGPRHLMDPHIFKSNFNNGIGRHRTYLCYEVERLDNGT
ASGPRHLMDPHIFKS	2	16	15	PASGPRHLMDPHIFKSNFNNGIGRHRTYLCYEVERLDNGT
SGPRHLMDPHIFKSN	3	17	15	PASGPRHLMDPHIFKSNFNNGIGRHRTYLCYEVERLDNGT
GPRHLMDPHIFKSNF	4	18	15	PASGPRHLMDPHIFKSNFNNGIGRHRTYLCYEVERLDNGT
PRHLMDPHIFKSNFN	5	19	15	PASGPRHLMDPHIFKSNFNNGIGRHRTYLCYEVERLDNGT
RHLMDPHIFKSNFNN	6	20	15	PASGPRHLMDPHIFKSNFNNGIGRHRTYLCYEVERLDNGT
HLMDPHIFKSNFNNG	7	21	15	PASGPRHLMDPHIFKSNFNNGIGRHRTYLCYEVERLDNGT
LMDPHIFKSNFNNGI	8	22	15	PASGPRHLMDPHIFKSNFNNGIGRHRTYLCYEVERLDNGT
MDPHIFKSNFNNGIG	9	23	15	PASGPRHLMDPHIFKSNFNNGIGRHRTYLCYEVERLDNGT
DPHIFKSNFNNGIGR	10	24	15	PASGPRHLMDPHIFKSNFNNGIGRHRTYLCYEVERLDNGT
PHIFKSNFNNGIGRH	11	25	15	PASGPRHLMDPHIFKSNFNNGIGRHRTYLCYEVERLDNGT
HIFKSNFNNGIGRHR	12	26	15	PASGPRHLMDPHIFKSNFNNGIGRHRTYLCYEVERLDNGT
IFKSNFNNGIGRHRT	13	27	15	PASGPRHLMDPHIFKSNFNNGIGRHRTYLCYEVERLDNGT
FKSNFNNGIGRHRTY	14	28	15	PASGPRHLMDPHIFKSNFNNGIGRHRTYLCYEVERLDNGT
KSNFNNGIGRHRTYL	15	29	15	PASGPRHLMDPHIFKSNFNNGIGRHRTYLCYEVERLDNGT
SNFNNGIGRHRTYLC	16	30	15	PASGPRHLMDPHIFKSNFNNGIGRHRTYLCYEVERLDNGT
NFNNGIGRHRTYLCY	17	31	15	PASGPRHLMDPHIFKSNFNNGIGRHRTYLCYEVERLDNGT
FNNGIGRHRTYLCYE	18	32	15	PASGPRHLMDPHIFKSNFNNGIGRHRTYLCYEVERLDNGT
NNGIGRHRTYLCYEV	19	33	15	PASGPRHLMDPHIFKSNFNNGIGRHRTYLCYEVERLDNGT
NGIGRHRTYLCYEVE	20	34	15	PASGPRHLMDPHIFKSNFNNGIGRHRTYLCYEVERLDNGT
GIGRHRTYLCYEVER	21	35	15	PASGPRHLMDPHIFKSNFNNGIGRHRTYLCYEVERLDNGT
IGRHRTYLCYEVERL	22	36	15	PASGPRHLMDPHIFKSNFNNGIGRHRTYLCYEVERLDNGT
GRHRTYLCYEVERLD	23	37	15	PASGPRHLMDPHIFKSNFNNGIGRHRTYLCYEVERLDNGT
RHRTYLCYEVERLDN	24	38	15	PASGPRHLMDPHIFKSNFNNGIGRHRTYLCYEVERLDNGT
HRTYLCYEVERLDNG	25	39	15	PASGPRHLMDPHIFKSNFNNGIGRHRTYLCYEVERLDNGT
RTYLCYEVERLDNGT	26	40	15	PASGPRHLMDPHIFKSNFNNGIGRHRTYLCYEVERLDNGT
PASGPRHLMDPHIFP	1	15	15	PASGPRHLMDPHIFPSNFNNGIGRHRTYLCYEVERLDNGT
ASGPRHLMDPHIFPS	2	16	15	PASGPRHLMDPHIFPSNFNNGIGRHRTYLCYEVERLDNGT
SGPRHLMDPHIFPSN	3	17	15	PASGPRHLMDPHIFPSNFNNGIGRHRTYLCYEVERLDNGT
GPRHLMDPHIFPSNF	4	18	15	PASGPRHLMDPHIFPSNFNNGIGRHRTYLCYEVERLDNGT
PRHLMDPHIFPSNFN	5	19	15	PASGPRHLMDPHIFPSNFNNGIGRHRTYLCYEVERLDNGT
RHLMDPHIFPSNFNN	6	20	15	PASGPRHLMDPHIFPSNFNNGIGRHRTYLCYEVERLDNGT
HLMDPHIFPSNFNNG	7	21	15	PASGPRHLMDPHIFPSNFNNGIGRHRTYLCYEVERLDNGT
LMDPHIFPSNFNNGI	8	22	15	PASGPRHLMDPHIFPSNFNNGIGRHRTYLCYEVERLDNGT
MDPHIFPSNFNNGIG	9	23	15	PASGPRHLMDPHIFPSNFNNGIGRHRTYLCYEVERLDNGT
DPHIFPSNFNNGIGR	10	24	15	PASGPRHLMDPHIFPSNFNNGIGRHRTYLCYEVERLDNGT
PHIFPSNFNNGIGRH	11	25	15	PASGPRHLMDPHIFPSNFNNGIGRHRTYLCYEVERLDNGT
HIFPSNFNNGIGRHR	12	26	15	PASGPRHLMDPHIFPSNFNNGIGRHRTYLCYEVERLDNGT
IFPSNFNNGIGRHRT	13	27	15	PASGPRHLMDPHIFPSNFNNGIGRHRTYLCYEVERLDNGT
FPSNFNNGIGRHRTY	14	28	15	PASGPRHLMDPHIFPSNFNNGIGRHRTYLCYEVERLDNGT
PSNFNNGIGRHRTYL	15	29	15	PASGPRHLMDPHIFPSNFNNGIGRHRTYLCYEVERLDNGT
SNFNNGIGRHRTYLC	16	30	15	PASGPRHLMDPHIFPSNFNNGIGRHRTYLCYEVERLDNGT
NFNNGIGRHRTYLCY	17	31	15	PASGPRHLMDPHIFPSNFNNGIGRHRTYLCYEVERLDNGT
FNNGIGRHRTYLCYE	18	32	15	PASGPRHLMDPHIFPSNFNNGIGRHRTYLCYEVERLDNGT
NNGIGRHRTYLCYEV	19	33	15	PASGPRHLMDPHIFPSNFNNGIGRHRTYLCYEVERLDNGT
NGIGRHRTYLCYEVE	20	34	15	PASGPRHLMDPHIFPSNFNNGIGRHRTYLCYEVERLDNGT
GIGRHRTYLCYEVER	21	35	15	PASGPRHLMDPHIFPSNFNNGIGRHRTYLCYEVERLDNGT
IGRHRTYLCYEVERL	22	36	15	PASGPRHLMDPHIFPSNFNNGIGRHRTYLCYEVERLDNGT
GRHRTYLCYEVERLD	23	37	15	PASGPRHLMDPHIFPSNFNNGIGRHRTYLCYEVERLDNGT
RHRTYLCYEVERLDN	24	38	15	PASGPRHLMDPHIFPSNFNNGIGRHRTYLCYEVERLDNGT
HRTYLCYEVERLDNG	25	39	15	PASGPRHLMDPHIFPSNFNNGIGRHRTYLCYEVERLDNGT
RTYLCYEVERLDNGT	26	40	15	PASGPRHLMDPHIFPSNFNNGIGRHRTYLCYEVERLDNGT
PASGPRHLMDPHIFV	1	15	15	PASGPRHLMDPHIFVSNFNNGIGRHRTYLCYEVERLDNGT
ASGPRHLMDPHIFVS	2	16	15	PASGPRHLMDPHIFVSNFNNGIGRHRTYLCYEVERLDNGT
SGPRHLMDPHIFVSN	3	17	15	PASGPRHLMDPHIFVSNFNNGIGRHRTYLCYEVERLDNGT
GPRHLMDPHIFVSNF	4	18	15	PASGPRHLMDPHIFVSNFNNGIGRHRTYLCYEVERLDNGT
PRHLMDPHIFVSNFN	5	19	15	PASGPRHLMDPHIFVSNFNNGIGRHRTYLCYEVERLDNGT
RHLMDPHIFVSNFNN	6	20	15	PASGPRHLMDPHIFVSNFNNGIGRHRTYLCYEVERLDNGT
HLMDPHIFVSNFNNG	7	21	15	PASGPRHLMDPHIFVSNFNNGIGRHRTYLCYEVERLDNGT
LMDPHIFVSNFNNGI	8	22	15	PASGPRHLMDPHIFVSNFNNGIGRHRTYLCYEVERLDNGT
MDPHIFVSNFNNGIG	9	23	15	PASGPRHLMDPHIFVSNFNNGIGRHRTYLCYEVERLDNGT
DPHIFVSNFNNGIGR	10	24	15	PASGPRHLMDPHIFVSNFNNGIGRHRTYLCYEVERLDNGT
PHIFVSNFNNGIGRH	11	25	15	PASGPRHLMDPHIFVSNFNNGIGRHRTYLCYEVERLDNGT
HIFVSNFNNGIGRHR	12	26	15	PASGPRHLMDPHIFVSNFNNGIGRHRTYLCYEVERLDNGT
IFVSNFNNGIGRHRT	13	27	15	PASGPRHLMDPHIFVSNFNNGIGRHRTYLCYEVERLDNGT
FVSNFNNGIGRHRTY	14	28	15	PASGPRHLMDPHIFVSNFNNGIGRHRTYLCYEVERLDNGT
VSNFNNGIGRHRTYL	15	29	15	PASGPRHLMDPHIFVSNFNNGIGRHRTYLCYEVERLDNGT
SNFNNGIGRHRTYLC	16	30	15	PASGPRHLMDPHIFVSNFNNGIGRHRTYLCYEVERLDNGT
NFNNGIGRHRTYLCY	17	31	15	PASGPRHLMDPHIFVSNFNNGIGRHRTYLCYEVERLDNGT
FNNGIGRHRTYLCYE	18	32	15	PASGPRHLMDPHIFVSNFNNGIGRHRTYLCYEVERLDNGT
NNGIGRHRTYLCYEV	19	33	15	PASGPRHLMDPHIFVSNFNNGIGRHRTYLCYEVERLDNGT
NGIGRHRTYLCYEVE	20	34	15	PASGPRHLMDPHIFVSNFNNGIGRHRTYLCYEVERLDNGT
GIGRHRTYLCYEVER	21	35	15	PASGPRHLMDPHIFVSNFNNGIGRHRTYLCYEVERLDNGT
IGRHRTYLCYEVERL	22	36	15	PASGPRHLMDPHIFVSNFNNGIGRHRTYLCYEVERLDNGT
GRHRTYLCYEVERLD	23	37	15	PASGPRHLMDPHIFVSNFNNGIGRHRTYLCYEVERLDNGT
RHRTYLCYEVERLDN	24	38	15	PASGPRHLMDPHIFVSNFNNGIGRHRTYLCYEVERLDNGT
HRTYLCYEVERLDNG	25	39	15	PASGPRHLMDPHIFVSNFNNGIGRHRTYLCYEVERLDNGT
RTYLCYEVERLDNGT	26	40	15	PASGPRHLMDPHIFVSNFNNGIGRHRTYLCYEVERLDNGT
ASGPRHLMDPHIFTC	1	15	15	ASGPRHLMDPHIFTCNFNNGIGRHRTYLCYEVERLDNGT
SGPRHLMDPHIFTCN	2	16	15	ASGPRHLMDPHIFTCNFNNGIGRHRTYLCYEVERLDNGT
GPRHLMDPHIFTCNF	3	17	15	ASGPRHLMDPHIFTCNFNNGIGRHRTYLCYEVERLDNGT
PRHLMDPHIFTCNFN	4	18	15	ASGPRHLMDPHIFTCNFNNGIGRHRTYLCYEVERLDNGT
RHLMDPHIFTCNFNN	5	19	15	ASGPRHLMDPHIFTCNFNNGIGRHRTYLCYEVERLDNGT
HLMDPHIFTCNFNNG	6	20	15	ASGPRHLMDPHIFTCNFNNGIGRHRTYLCYEVERLDNGT
LMDPHIFTCNFNNGI	7	21	15	ASGPRHLMDPHIFTCNFNNGIGRHRTYLCYEVERLDNGT
MDPHIFTCNFNNGIG	8	22	15	ASGPRHLMDPHIFTCNFNNGIGRHRTYLCYEVERLDNGT
DPHIFTCNFNNGIGR	9	23	15	ASGPRHLMDPHIFTCNFNNGIGRHRTYLCYEVERLDNGT
PHIFTCNFNNGIGRH	10	24	15	ASGPRHLMDPHIFTCNFNNGIGRHRTYLCYEVERLDNGT
HIFTCNFNNGIGRHR	11	25	15	ASGPRHLMDPHIFTCNFNNGIGRHRTYLCYEVERLDNGT
IFTCNFNNGIGRHRT	12	26	15	ASGPRHLMDPHIFTCNFNNGIGRHRTYLCYEVERLDNGT
FTCNFNNGIGRHRTY	13	27	15	ASGPRHLMDPHIFTCNFNNGIGRHRTYLCYEVERLDNGT
TCNFNNGIGRHRTYL	14	28	15	ASGPRHLMDPHIFTCNFNNGIGRHRTYLCYEVERLDNGT
CNFNNGIGRHRTYLC	15	29	15	ASGPRHLMDPHIFTCNFNNGIGRHRTYLCYEVERLDNGT
NFNNGIGRHRTYLCY	16	30	15	ASGPRHLMDPHIFTCNFNNGIGRHRTYLCYEVERLDNGT
FNNGIGRHRTYLCYE	17	31	15	ASGPRHLMDPHIFTCNFNNGIGRHRTYLCYEVERLDNGT
NNGIGRHRTYLCYEV	18	32	15	ASGPRHLMDPHIFTCNFNNGIGRHRTYLCYEVERLDNGT
NGIGRHRTYLCYEVE	19	33	15	ASGPRHLMDPHIFTCNFNNGIGRHRTYLCYEVERLDNGT
GIGRHRTYLCYEVER	20	34	15	ASGPRHLMDPHIFTCNFNNGIGRHRTYLCYEVERLDNGT
IGRHRTYLCYEVERL	21	35	15	ASGPRHLMDPHIFTCNFNNGIGRHRTYLCYEVERLDNGT
GRHRTYLCYEVERLD	22	36	15	ASGPRHLMDPHIFTCNFNNGIGRHRTYLCYEVERLDNGT
RHRTYLCYEVERLDN	23	37	15	ASGPRHLMDPHIFTCNFNNGIGRHRTYLCYEVERLDNGT
HRTYLCYEVERLDNG	24	38	15	ASGPRHLMDPHIFTCNFNNGIGRHRTYLCYEVERLDNGT
RTYLCYEVERLDNGT	25	39	15	ASGPRHLMDPHIFTCNFNNGIGRHRTYLCYEVERLDNGT
ASGPRHLMDPHIFTG	1	15	15	ASGPRHLMDPHIFTGNFNNGIGRHRTYLCYEVERLDNGT
SGPRHLMDPHIFTGN	2	16	15	ASGPRHLMDPHIFTGNFNNGIGRHRTYLCYEVERLDNGT
GPRHLMDPHIFTGNF	3	17	15	ASGPRHLMDPHIFTGNFNNGIGRHRTYLCYEVERLDNGT
PRHLMDPHIFTGNFN	4	18	15	ASGPRHLMDPHIFTGNFNNGIGRHRTYLCYEVERLDNGT
RHLMDPHIFTGNFNN	5	19	15	ASGPRHLMDPHIFTGNFNNGIGRHRTYLCYEVERLDNGT
HLMDPHIFTGNFNNG	6	20	15	ASGPRHLMDPHIFTGNFNNGIGRHRTYLCYEVERLDNGT
LMDPHIFTGNFNNGI	7	21	15	ASGPRHLMDPHIFTGNFNNGIGRHRTYLCYEVERLDNGT
MDPHIFTGNFNNGIG	8	22	15	ASGPRHLMDPHIFTGNFNNGIGRHRTYLCYEVERLDNGT
DPHIFTGNFNNGIGR	9	23	15	ASGPRHLMDPHIFTGNFNNGIGRHRTYLCYEVERLDNGT
PHIFTGNFNNGIGRH	10	24	15	ASGPRHLMDPHIFTGNFNNGIGRHRTYLCYEVERLDNGT
HIFTGNFNNGIGRHR	11	25	15	ASGPRHLMDPHIFTGNFNNGIGRHRTYLCYEVERLDNGT
IFTGNFNNGIGRHRT	12	26	15	ASGPRHLMDPHIFTGNFNNGIGRHRTYLCYEVERLDNGT
FTGNFNNGIGRHRTY	13	27	15	ASGPRHLMDPHIFTGNFNNGIGRHRTYLCYEVERLDNGT
TGNFNNGIGRHRTYL	14	28	15	ASGPRHLMDPHIFTGNFNNGIGRHRTYLCYEVERLDNGT
GNFNNGIGRHRTYLC	15	29	15	ASGPRHLMDPHIFTGNFNNGIGRHRTYLCYEVERLDNGT
NFNNGIGRHRTYLCY	16	30	15	ASGPRHLMDPHIFTGNFNNGIGRHRTYLCYEVERLDNGT
FNNGIGRHRTYLCYE	17	31	15	ASGPRHLMDPHIFTGNFNNGIGRHRTYLCYEVERLDNGT
NNGIGRHRTYLCYEV	18	32	15	ASGPRHLMDPHIFTGNFNNGIGRHRTYLCYEVERLDNGT
NGIGRHRTYLCYEVE	19	33	15	ASGPRHLMDPHIFTGNFNNGIGRHRTYLCYEVERLDNGT
GIGRHRTYLCYEVER	20	34	15	ASGPRHLMDPHIFTGNFNNGIGRHRTYLCYEVERLDNGT
IGRHRTYLCYEVERL	21	35	15	ASGPRHLMDPHIFTGNFNNGIGRHRTYLCYEVERLDNGT
GRHRTYLCYEVERLD	22	36	15	ASGPRHLMDPHIFTGNFNNGIGRHRTYLCYEVERLDNGT
RHRTYLCYEVERLDN	23	37	15	ASGPRHLMDPHIFTGNFNNGIGRHRTYLCYEVERLDNGT
HRTYLCYEVERLDNG	24	38	15	ASGPRHLMDPHIFTGNFNNGIGRHRTYLCYEVERLDNGT
RTYLCYEVERLDNGT	25	39	15	ASGPRHLMDPHIFTGNFNNGIGRHRTYLCYEVERLDNGT
ASGPRHLMDPHIFTL	1	15	15	ASGPRHLMDPHIFTLNFNNGIGRHRTYLCYEVERLDNGT
SGPRHLMDPHIFTLN	2	16	15	ASGPRHLMDPHIFTLNFNNGIGRHRTYLCYEVERLDNGT
GPRHLMDPHIFTLNF	3	17	15	ASGPRHLMDPHIFTLNFNNGIGRHRTYLCYEVERLDNGT
PRHLMDPHIFTLNFN	4	18	15	ASGPRHLMDPHIFTLNFNNGIGRHRTYLCYEVERLDNGT
RHLMDPHIFTLNFNN	5	19	15	ASGPRHLMDPHIFTLNFNNGIGRHRTYLCYEVERLDNGT
HLMDPHIFTLNFNNG	6	20	15	ASGPRHLMDPHIFTLNFNNGIGRHRTYLCYEVERLDNGT
LMDPHIFTLNFNNGI	7	21	15	ASGPRHLMDPHIFTLNFNNGIGRHRTYLCYEVERLDNGT
MDPHIFTLNFNNGIG	8	22	15	ASGPRHLMDPHIFTLNFNNGIGRHRTYLCYEVERLDNGT
DPHIFTLNFNNGIGR	9	23	15	ASGPRHLMDPHIFTLNFNNGIGRHRTYLCYEVERLDNGT
PHIFTLNFNNGIGRH	10	24	15	ASGPRHLMDPHIFTLNFNNGIGRHRTYLCYEVERLDNGT
HIFTLNFNNGIGRHR	11	25	15	ASGPRHLMDPHIFTLNFNNGIGRHRTYLCYEVERLDNGT
IFTLNFNNGIGRHRT	12	26	15	ASGPRHLMDPHIFTLNFNNGIGRHRTYLCYEVERLDNGT
FTLNFNNGIGRHRTY	13	27	15	ASGPRHLMDPHIFTLNFNNGIGRHRTYLCYEVERLDNGT
TLNFNNGIGRHRTYL	14	28	15	ASGPRHLMDPHIFTLNFNNGIGRHRTYLCYEVERLDNGT
LNFNNGIGRHRTYLC	15	29	15	ASGPRHLMDPHIFTLNFNNGIGRHRTYLCYEVERLDNGT
NFNNGIGRHRTYLCY	16	30	15	ASGPRHLMDPHIFTLNFNNGIGRHRTYLCYEVERLDNGT
FNNGIGRHRTYLCYE	17	31	15	ASGPRHLMDPHIFTLNFNNGIGRHRTYLCYEVERLDNGT
NNGIGRHRTYLCYEV	18	32	15	ASGPRHLMDPHIFTLNFNNGIGRHRTYLCYEVERLDNGT
NGIGRHRTYLCYEVE	19	33	15	ASGPRHLMDPHIFTLNFNNGIGRHRTYLCYEVERLDNGT
GIGRHRTYLCYEVER	20	34	15	ASGPRHLMDPHIFTLNFNNGIGRHRTYLCYEVERLDNGT
IGRHRTYLCYEVERL	21	35	15	ASGPRHLMDPHIFTLNFNNGIGRHRTYLCYEVERLDNGT
GRHRTYLCYEVERLD	22	36	15	ASGPRHLMDPHIFTLNFNNGIGRHRTYLCYEVERLDNGT
RHRTYLCYEVERLDN	23	37	15	ASGPRHLMDPHIFTLNFNNGIGRHRTYLCYEVERLDNGT
HRTYLCYEVERLDNG	24	38	15	ASGPRHLMDPHIFTLNFNNGIGRHRTYLCYEVERLDNGT
RTYLCYEVERLDNGT	25	39	15	ASGPRHLMDPHIFTLNFNNGIGRHRTYLCYEVERLDNGT
ASGPRHLMDPHIFTQ	1	15	15	ASGPRHLMDPHIFTQNFNNGIGRHRTYLCYEVERLDNGT
SGPRHLMDPHIFTQN	2	16	15	ASGPRHLMDPHIFTQNFNNGIGRHRTYLCYEVERLDNGT
GPRHLMDPHIFTQNF	3	17	15	ASGPRHLMDPHIFTQNFNNGIGRHRTYLCYEVERLDNGT
PRHLMDPHIFTQNFN	4	18	15	ASGPRHLMDPHIFTQNFNNGIGRHRTYLCYEVERLDNGT
RHLMDPHIFTQNFNN	5	19	15	ASGPRHLMDPHIFTQNFNNGIGRHRTYLCYEVERLDNGT
HLMDPHIFTQNFNNG	6	20	15	ASGPRHLMDPHIFTQNFNNGIGRHRTYLCYEVERLDNGT
LMDPHIFTQNFNNGI	7	21	15	ASGPRHLMDPHIFTQNFNNGIGRHRTYLCYEVERLDNGT
MDPHIFTQNFNNGIG	8	22	15	ASGPRHLMDPHIFTQNFNNGIGRHRTYLCYEVERLDNGT
DPHIFTQNFNNGIGR	9	23	15	ASGPRHLMDPHIFTQNFNNGIGRHRTYLCYEVERLDNGT
PHIFTQNFNNGIGRH	10	24	15	ASGPRHLMDPHIFTQNFNNGIGRHRTYLCYEVERLDNGT
HIFTQNFNNGIGRHR	11	25	15	ASGPRHLMDPHIFTQNFNNGIGRHRTYLCYEVERLDNGT
IFTQNFNNGIGRHRT	12	26	15	ASGPRHLMDPHIFTQNFNNGIGRHRTYLCYEVERLDNGT
FTQNFNNGIGRHRTY	13	27	15	ASGPRHLMDPHIFTQNFNNGIGRHRTYLCYEVERLDNGT
TQNFNNGIGRHRTYL	14	28	15	ASGPRHLMDPHIFTQNFNNGIGRHRTYLCYEVERLDNGT
QNFNNGIGRHRTYLC	15	29	15	ASGPRHLMDPHIFTQNFNNGIGRHRTYLCYEVERLDNGT
NFNNGIGRHRTYLCY	16	30	15	ASGPRHLMDPHIFTQNFNNGIGRHRTYLCYEVERLDNGT
FNNGIGRHRTYLCYE	17	31	15	ASGPRHLMDPHIFTQNFNNGIGRHRTYLCYEVERLDNGT
NNGIGRHRTYLCYEV	18	32	15	ASGPRHLMDPHIFTQNFNNGIGRHRTYLCYEVERLDNGT
NGIGRHRTYLCYEVE	19	33	15	ASGPRHLMDPHIFTQNFNNGIGRHRTYLCYEVERLDNGT
GIGRHRTYLCYEVER	20	34	15	ASGPRHLMDPHIFTQNFNNGIGRHRTYLCYEVERLDNGT
IGRHRTYLCYEVERL	21	35	15	ASGPRHLMDPHIFTQNFNNGIGRHRTYLCYEVERLDNGT
GRHRTYLCYEVERLD	22	36	15	ASGPRHLMDPHIFTQNFNNGIGRHRTYLCYEVERLDNGT
RHRTYLCYEVERLDN	23	37	15	ASGPRHLMDPHIFTQNFNNGIGRHRTYLCYEVERLDNGT
HRTYLCYEVERLDNG	24	38	15	ASGPRHLMDPHIFTQNFNNGIGRHRTYLCYEVERLDNGT
RTYLCYEVERLDNGT	25	39	15	ASGPRHLMDPHIFTQNFNNGIGRHRTYLCYEVERLDNGT
ASGPRHLMDPHIFTW	1	15	15	ASGPRHLMDPHIFTWNFNNGIGRHRTYLCYEVERLDNGT
SGPRHLMDPHIFTWN	2	16	15	ASGPRHLMDPHIFTWNFNNGIGRHRTYLCYEVERLDNGT
GPRHLMDPHIFTWNF	3	17	15	ASGPRHLMDPHIFTWNFNNGIGRHRTYLCYEVERLDNGT
PRHLMDPHIFTWNFN	4	18	15	ASGPRHLMDPHIFTWNFNNGIGRHRTYLCYEVERLDNGT
RHLMDPHIFTWNFNN	5	19	15	ASGPRHLMDPHIFTWNFNNGIGRHRTYLCYEVERLDNGT
HLMDPHIFTWNFNNG	6	20	15	ASGPRHLMDPHIFTWNFNNGIGRHRTYLCYEVERLDNGT
LMDPHIFTWNFNNGI	7	21	15	ASGPRHLMDPHIFTWNFNNGIGRHRTYLCYEVERLDNGT
MDPHIFTWNFNNGIG	8	22	15	ASGPRHLMDPHIFTWNFNNGIGRHRTYLCYEVERLDNGT
DPHIFTWNFNNGIGR	9	23	15	ASGPRHLMDPHIFTWNFNNGIGRHRTYLCYEVERLDNGT
PHIFTWNFNNGIGRH	10	24	15	ASGPRHLMDPHIFTWNFNNGIGRHRTYLCYEVERLDNGT
HIFTWNFNNGIGRHR	11	25	15	ASGPRHLMDPHIFTWNFNNGIGRHRTYLCYEVERLDNGT
IFTWNFNNGIGRHRT	12	26	15	ASGPRHLMDPHIFTWNFNNGIGRHRTYLCYEVERLDNGT
FTWNFNNGIGRHRTY	13	27	15	ASGPRHLMDPHIFTWNFNNGIGRHRTYLCYEVERLDNGT
TWNFNNGIGRHRTYL	14	28	15	ASGPRHLMDPHIFTWNFNNGIGRHRTYLCYEVERLDNGT
WNFNNGIGRHRTYLC	15	29	15	ASGPRHLMDPHIFTWNFNNGIGRHRTYLCYEVERLDNGT
NFNNGIGRHRTYLCY	16	30	15	ASGPRHLMDPHIFTWNFNNGIGRHRTYLCYEVERLDNGT
FNNGIGRHRTYLCYE	17	31	15	ASGPRHLMDPHIFTWNFNNGIGRHRTYLCYEVERLDNGT
NNGIGRHRTYLCYEV	18	32	15	ASGPRHLMDPHIFTWNFNNGIGRHRTYLCYEVERLDNGT
NGIGRHRTYLCYEVE	19	33	15	ASGPRHLMDPHIFTWNFNNGIGRHRTYLCYEVERLDNGT
GIGRHRTYLCYEVER	20	34	15	ASGPRHLMDPHIFTWNFNNGIGRHRTYLCYEVERLDNGT
IGRHRTYLCYEVERL	21	35	15	ASGPRHLMDPHIFTWNFNNGIGRHRTYLCYEVERLDNGT
GRHRTYLCYEVERLD	22	36	15	ASGPRHLMDPHIFTWNFNNGIGRHRTYLCYEVERLDNGT
RHRTYLCYEVERLDN	23	37	15	ASGPRHLMDPHIFTWNFNNGIGRHRTYLCYEVERLDNGT
HRTYLCYEVERLDNG	24	38	15	ASGPRHLMDPHIFTWNFNNGIGRHRTYLCYEVERLDNGT
RTYLCYEVERLDNGT	25	39	15	ASGPRHLMDPHIFTWNFNNGIGRHRTYLCYEVERLDNGT
SGPRHLMDPHIFTSD	1	15	15	SGPRHLMDPHIFTSDFNNGIGRHRTYLCYEVERLDNGT
GPRHLMDPHIFTSDF	2	16	15	SGPRHLMDPHIFTSDFNNGIGRHRTYLCYEVERLDNGT
PRHLMDPHIFTSDFN	3	17	15	SGPRHLMDPHIFTSDFNNGIGRHRTYLCYEVERLDNGT
RHLMDPHIFTSDFNN	4	18	15	SGPRHLMDPHIFTSDFNNGIGRHRTYLCYEVERLDNGT
HLMDPHIFTSDFNNG	5	19	15	SGPRHLMDPHIFTSDFNNGIGRHRTYLCYEVERLDNGT
LMDPHIFTSDFNNGI	6	20	15	SGPRHLMDPHIFTSDFNNGIGRHRTYLCYEVERLDNGT
MDPHIFTSDFNNGIG	7	21	15	SGPRHLMDPHIFTSDFNNGIGRHRTYLCYEVERLDNGT
DPHIFTSDFNNGIGR	8	22	15	SGPRHLMDPHIFTSDFNNGIGRHRTYLCYEVERLDNGT
PHIFTSDFNNGIGRH	9	23	15	SGPRHLMDPHIFTSDFNNGIGRHRTYLCYEVERLDNGT
HIFTSDFNNGIGRHR	10	24	15	SGPRHLMDPHIFTSDFNNGIGRHRTYLCYEVERLDNGT
IFTSDFNNGIGRHRT	11	25	15	SGPRHLMDPHIFTSDFNNGIGRHRTYLCYEVERLDNGT
FTSDFNNGIGRHRTY	12	26	15	SGPRHLMDPHIFTSDFNNGIGRHRTYLCYEVERLDNGT
TSDFNNGIGRHRTYL	13	27	15	SGPRHLMDPHIFTSDFNNGIGRHRTYLCYEVERLDNGT
SDFNNGIGRHRTYLC	14	28	15	SGPRHLMDPHIFTSDFNNGIGRHRTYLCYEVERLDNGT
DFNNGIGRHRTYLCY	15	29	15	SGPRHLMDPHIFTSDFNNGIGRHRTYLCYEVERLDNGT
FNNGIGRHRTYLCYE	16	30	15	SGPRHLMDPHIFTSDFNNGIGRHRTYLCYEVERLDNGT
NNGIGRHRTYLCYEV	17	31	15	SGPRHLMDPHIFTSDFNNGIGRHRTYLCYEVERLDNGT
NGIGRHRTYLCYEVE	18	32	15	SGPRHLMDPHIFTSDFNNGIGRHRTYLCYEVERLDNGT
GIGRHRTYLCYEVER	19	33	15	SGPRHLMDPHIFTSDFNNGIGRHRTYLCYEVERLDNGT
IGRHRTYLCYEVERL	20	34	15	SGPRHLMDPHIFTSDFNNGIGRHRTYLCYEVERLDNGT
GRHRTYLCYEVERLD	21	35	15	SGPRHLMDPHIFTSDFNNGIGRHRTYLCYEVERLDNGT
RHRTYLCYEVERLDN	22	36	15	SGPRHLMDPHIFTSDFNNGIGRHRTYLCYEVERLDNGT
HRTYLCYEVERLDNG	23	37	15	SGPRHLMDPHIFTSDFNNGIGRHRTYLCYEVERLDNGT
RTYLCYEVERLDNGT	24	38	15	SGPRHLMDPHIFTSDFNNGIGRHRTYLCYEVERLDNGT
SGPRHLMDPHIFTSH	1	15	15	SGPRHLMDPHIFTSHFNNGIGRHRTYLCYEVERLDNGT
GPRHLMDPHIFTSHF	2	16	15	SGPRHLMDPHIFTSHFNNGIGRHRTYLCYEVERLDNGT
PRHLMDPHIFTSHFN	3	17	15	SGPRHLMDPHIFTSHFNNGIGRHRTYLCYEVERLDNGT
RHLMDPHIFTSHFNN	4	18	15	SGPRHLMDPHIFTSHFNNGIGRHRTYLCYEVERLDNGT
HLMDPHIFTSHFNNG	5	19	15	SGPRHLMDPHIFTSHFNNGIGRHRTYLCYEVERLDNGT
LMDPHIFTSHFNNGI	6	20	15	SGPRHLMDPHIFTSHFNNGIGRHRTYLCYEVERLDNGT
MDPHIFTSHFNNGIG	7	21	15	SGPRHLMDPHIFTSHFNNGIGRHRTYLCYEVERLDNGT
DPHIFTSHFNNGIGR	8	22	15	SGPRHLMDPHIFTSHFNNGIGRHRTYLCYEVERLDNGT
PHIFTSHFNNGIGRH	9	23	15	SGPRHLMDPHIFTSHFNNGIGRHRTYLCYEVERLDNGT
HIFTSHFNNGIGRHR	10	24	15	SGPRHLMDPHIFTSHFNNGIGRHRTYLCYEVERLDNGT
IFTSHFNNGIGRHRT	11	25	15	SGPRHLMDPHIFTSHFNNGIGRHRTYLCYEVERLDNGT
FTSHFNNGIGRHRTY	12	26	15	SGPRHLMDPHIFTSHFNNGIGRHRTYLCYEVERLDNGT
TSHFNNGIGRHRTYL	13	27	15	SGPRHLMDPHIFTSHFNNGIGRHRTYLCYEVERLDNGT
SHFNNGIGRHRTYLC	14	28	15	SGPRHLMDPHIFTSHFNNGIGRHRTYLCYEVERLDNGT
HFNNGIGRHRTYLCY	15	29	15	SGPRHLMDPHIFTSHFNNGIGRHRTYLCYEVERLDNGT
FNNGIGRHRTYLCYE	16	30	15	SGPRHLMDPHIFTSHFNNGIGRHRTYLCYEVERLDNGT
NNGIGRHRTYLCYEV	17	31	15	SGPRHLMDPHIFTSHFNNGIGRHRTYLCYEVERLDNGT
NGIGRHRTYLCYEVE	18	32	15	SGPRHLMDPHIFTSHFNNGIGRHRTYLCYEVERLDNGT
GIGRHRTYLCYEVER	19	33	15	SGPRHLMDPHIFTSHFNNGIGRHRTYLCYEVERLDNGT
IGRHRTYLCYEVERL	20	34	15	SGPRHLMDPHIFTSHFNNGIGRHRTYLCYEVERLDNGT
GRHRTYLCYEVERLD	21	35	15	SGPRHLMDPHIFTSHFNNGIGRHRTYLCYEVERLDNGT
RHRTYLCYEVERLDN	22	36	15	SGPRHLMDPHIFTSHFNNGIGRHRTYLCYEVERLDNGT
HRTYLCYEVERLDNG	23	37	15	SGPRHLMDPHIFTSHFNNGIGRHRTYLCYEVERLDNGT
RTYLCYEVERLDNGT	24	38	15	SGPRHLMDPHIFTSHFNNGIGRHRTYLCYEVERLDNGT
SGPRHLMDPHIFTSM	1	15	15	SGPRHLMDPHIFTSMFNNGIGRHRTYLCYEVERLDNGT
GPRHLMDPHIFTSMF	2	16	15	SGPRHLMDPHIFTSMFNNGIGRHRTYLCYEVERLDNGT
PRHLMDPHIFTSMFN	3	17	15	SGPRHLMDPHIFTSMFNNGIGRHRTYLCYEVERLDNGT
RHLMDPHIFTSMFNN	4	18	15	SGPRHLMDPHIFTSMFNNGIGRHRTYLCYEVERLDNGT
HLMDPHIFTSMFNNG	5	19	15	SGPRHLMDPHIFTSMFNNGIGRHRTYLCYEVERLDNGT
LMDPHIFTSMFNNGI	6	20	15	SGPRHLMDPHIFTSMFNNGIGRHRTYLCYEVERLDNGT
MDPHIFTSMFNNGIG	7	21	15	SGPRHLMDPHIFTSMFNNGIGRHRTYLCYEVERLDNGT
DPHIFTSMFNNGIGR	8	22	15	SGPRHLMDPHIFTSMFNNGIGRHRTYLCYEVERLDNGT
PHIFTSMFNNGIGRH	9	23	15	SGPRHLMDPHIFTSMFNNGIGRHRTYLCYEVERLDNGT
HIFTSMFNNGIGRHR	10	24	15	SGPRHLMDPHIFTSMFNNGIGRHRTYLCYEVERLDNGT
IFTSMFNNGIGRHRT	11	25	15	SGPRHLMDPHIFTSMFNNGIGRHRTYLCYEVERLDNGT
FTSMFNNGIGRHRTY	12	26	15	SGPRHLMDPHIFTSMFNNGIGRHRTYLCYEVERLDNGT
TSMFNNGIGRHRTYL	13	27	15	SGPRHLMDPHIFTSMFNNGIGRHRTYLCYEVERLDNGT
SMFNNGIGRHRTYLC	14	28	15	SGPRHLMDPHIFTSMFNNGIGRHRTYLCYEVERLDNGT
MFNNGIGRHRTYLCY	15	29	15	SGPRHLMDPHIFTSMFNNGIGRHRTYLCYEVERLDNGT
FNNGIGRHRTYLCYE	16	30	15	SGPRHLMDPHIFTSMFNNGIGRHRTYLCYEVERLDNGT
NNGIGRHRTYLCYEV	17	31	15	SGPRHLMDPHIFTSMFNNGIGRHRTYLCYEVERLDNGT
NGIGRHRTYLCYEVE	18	32	15	SGPRHLMDPHIFTSMFNNGIGRHRTYLCYEVERLDNGT
GIGRHRTYLCYEVER	19	33	15	SGPRHLMDPHIFTSMFNNGIGRHRTYLCYEVERLDNGT
IGRHRTYLCYEVERL	20	34	15	SGPRHLMDPHIFTSMFNNGIGRHRTYLCYEVERLDNGT
GRHRTYLCYEVERLD	21	35	15	SGPRHLMDPHIFTSMFNNGIGRHRTYLCYEVERLDNGT
RHRTYLCYEVERLDN	22	36	15	SGPRHLMDPHIFTSMFNNGIGRHRTYLCYEVERLDNGT
HRTYLCYEVERLDNG	23	37	15	SGPRHLMDPHIFTSMFNNGIGRHRTYLCYEVERLDNGT
RTYLCYEVERLDNGT	24	38	15	SGPRHLMDPHIFTSMFNNGIGRHRTYLCYEVERLDNGT
PASGPRHLMDPHIFC	1	15	15	PASGPRHLMDPHIFCSNFNNGIGRHRTYLCYEVERLDNGT
ASGPRHLMDPHIFCS	2	16	15	PASGPRHLMDPHIFCSNFNNGIGRHRTYLCYEVERLDNGT
SGPRHLMDPHIFCSN	3	17	15	PASGPRHLMDPHIFCSNFNNGIGRHRTYLCYEVERLDNGT
GPRHLMDPHIFCSNF	4	18	15	PASGPRHLMDPHIFCSNFNNGIGRHRTYLCYEVERLDNGT
PRHLMDPHIFCSNFN	5	19	15	PASGPRHLMDPHIFCSNFNNGIGRHRTYLCYEVERLDNGT
RHLMDPHIFCSNFNN	6	20	15	PASGPRHLMDPHIFCSNFNNGIGRHRTYLCYEVERLDNGT
HLMDPHIFCSNFNNG	7	21	15	PASGPRHLMDPHIFCSNFNNGIGRHRTYLCYEVERLDNGT
LMDPHIFCSNFNNGI	8	22	15	PASGPRHLMDPHIFCSNFNNGIGRHRTYLCYEVERLDNGT
MDPHIFCSNFNNGIG	9	23	15	PASGPRHLMDPHIFCSNFNNGIGRHRTYLCYEVERLDNGT
DPHIFCSNFNNGIGR	10	24	15	PASGPRHLMDPHIFCSNFNNGIGRHRTYLCYEVERLDNGT
PHIFCSNFNNGIGRH	11	25	15	PASGPRHLMDPHIFCSNFNNGIGRHRTYLCYEVERLDNGT
HIFCSNFNNGIGRHR	12	26	15	PASGPRHLMDPHIFCSNFNNGIGRHRTYLCYEVERLDNGT
IFCSNFNNGIGRHRT	13	27	15	PASGPRHLMDPHIFCSNFNNGIGRHRTYLCYEVERLDNGT
FCSNFNNGIGRHRTY	14	28	15	PASGPRHLMDPHIFCSNFNNGIGRHRTYLCYEVERLDNGT
CSNFNNGIGRHRTYL	15	29	15	PASGPRHLMDPHIFCSNFNNGIGRHRTYLCYEVERLDNGT
SNFNNGIGRHRTYLC	16	30	15	PASGPRHLMDPHIFCSNFNNGIGRHRTYLCYEVERLDNGT
NFNNGIGRHRTYLCY	17	31	15	PASGPRHLMDPHIFCSNFNNGIGRHRTYLCYEVERLDNGT
FNNGIGRHRTYLCYE	18	32	15	PASGPRHLMDPHIFCSNFNNGIGRHRTYLCYEVERLDNGT
NNGIGRHRTYLCYEV	19	33	15	PASGPRHLMDPHIFCSNFNNGIGRHRTYLCYEVERLDNGT
NGIGRHRTYLCYEVE	20	34	15	PASGPRHLMDPHIFCSNFNNGIGRHRTYLCYEVERLDNGT
GIGRHRTYLCYEVER	21	35	15	PASGPRHLMDPHIFCSNFNNGIGRHRTYLCYEVERLDNGT
IGRHRTYLCYEVERL	22	36	15	PASGPRHLMDPHIFCSNFNNGIGRHRTYLCYEVERLDNGT
GRHRTYLCYEVERLD	23	37	15	PASGPRHLMDPHIFCSNFNNGIGRHRTYLCYEVERLDNGT
RHRTYLCYEVERLDN	24	38	15	PASGPRHLMDPHIFCSNFNNGIGRHRTYLCYEVERLDNGT
HRTYLCYEVERLDNG	25	39	15	PASGPRHLMDPHIFCSNFNNGIGRHRTYLCYEVERLDNGT
RTYLCYEVERLDNGT	26	40	15	PASGPRHLMDPHIFCSNFNNGIGRHRTYLCYEVERLDNGT
PASGPRHLMDPHIFG	1	15	15	PASGPRHLMDPHIFGSNFNNGIGRHRTYLCYEVERLDNGT
ASGPRHLMDPHIFGS	2	16	15	PASGPRHLMDPHIFGSNFNNGIGRHRTYLCYEVERLDNGT
SGPRHLMDPHIFGSN	3	17	15	PASGPRHLMDPHIFGSNFNNGIGRHRTYLCYEVERLDNGT
GPRHLMDPHIFGSNF	4	18	15	PASGPRHLMDPHIFGSNFNNGIGRHRTYLCYEVERLDNGT
PRHLMDPHIFGSNFN	5	19	15	PASGPRHLMDPHIFGSNFNNGIGRHRTYLCYEVERLDNGT
RHLMDPHIFGSNFNN	6	20	15	PASGPRHLMDPHIFGSNFNNGIGRHRTYLCYEVERLDNGT
HLMDPHIFGSNFNNG	7	21	15	PASGPRHLMDPHIFGSNFNNGIGRHRTYLCYEVERLDNGT
LMDPHIFGSNFNNGI	8	22	15	PASGPRHLMDPHIFGSNFNNGIGRHRTYLCYEVERLDNGT
MDPHIFGSNFNNGIG	9	23	15	PASGPRHLMDPHIFGSNFNNGIGRHRTYLCYEVERLDNGT
DPHIFGSNFNNGIGR	10	24	15	PASGPRHLMDPHIFGSNFNNGIGRHRTYLCYEVERLDNGT
PHIFGSNFNNGIGRH	11	25	15	PASGPRHLMDPHIFGSNFNNGIGRHRTYLCYEVERLDNGT
HIFGSNFNNGIGRHR	12	26	15	PASGPRHLMDPHIFGSNFNNGIGRHRTYLCYEVERLDNGT
IFGSNFNNGIGRHRT	13	27	15	PASGPRHLMDPHIFGSNFNNGIGRHRTYLCYEVERLDNGT
FGSNFNNGIGRHRTY	14	28	15	PASGPRHLMDPHIFGSNFNNGIGRHRTYLCYEVERLDNGT
GSNFNNGIGRHRTYL	15	29	15	PASGPRHLMDPHIFGSNFNNGIGRHRTYLCYEVERLDNGT
SNFNNGIGRHRTYLC	16	30	15	PASGPRHLMDPHIFGSNFNNGIGRHRTYLCYEVERLDNGT
NFNNGIGRHRTYLCY	17	31	15	PASGPRHLMDPHIFGSNFNNGIGRHRTYLCYEVERLDNGT
FNNGIGRHRTYLCYE	18	32	15	PASGPRHLMDPHIFGSNFNNGIGRHRTYLCYEVERLDNGT
NNGIGRHRTYLCYEV	19	33	15	PASGPRHLMDPHIFGSNFNNGIGRHRTYLCYEVERLDNGT
NGIGRHRTYLCYEVE	20	34	15	PASGPRHLMDPHIFGSNFNNGIGRHRTYLCYEVERLDNGT
GIGRHRTYLCYEVER	21	35	15	PASGPRHLMDPHIFGSNFNNGIGRHRTYLCYEVERLDNGT
IGRHRTYLCYEVERL	22	36	15	PASGPRHLMDPHIFGSNFNNGIGRHRTYLCYEVERLDNGT
GRHRTYLCYEVERLD	23	37	15	PASGPRHLMDPHIFGSNFNNGIGRHRTYLCYEVERLDNGT
RHRTYLCYEVERLDN	24	38	15	PASGPRHLMDPHIFGSNFNNGIGRHRTYLCYEVERLDNGT
HRTYLCYEVERLDNG	25	39	15	PASGPRHLMDPHIFGSNFNNGIGRHRTYLCYEVERLDNGT
RTYLCYEVERLDNGT	26	40	15	PASGPRHLMDPHIFGSNFNNGIGRHRTYLCYEVERLDNGT
PASGPRHLMDPHIFL	1	15	15	PASGPRHLMDPHIFLSNFNNGIGRHRTYLCYEVERLDNGT
ASGPRHLMDPHIFLS	2	16	15	PASGPRHLMDPHIFLSNFNNGIGRHRTYLCYEVERLDNGT
SGPRHLMDPHIFLSN	3	17	15	PASGPRHLMDPHIFLSNFNNGIGRHRTYLCYEVERLDNGT
GPRHLMDPHIFLSNF	4	18	15	PASGPRHLMDPHIFLSNFNNGIGRHRTYLCYEVERLDNGT
PRHLMDPHIFLSNFN	5	19	15	PASGPRHLMDPHIFLSNFNNGIGRHRTYLCYEVERLDNGT
RHLMDPHIFLSNFNN	6	20	15	PASGPRHLMDPHIFLSNFNNGIGRHRTYLCYEVERLDNGT
HLMDPHIFLSNFNNG	7	21	15	PASGPRHLMDPHIFLSNFNNGIGRHRTYLCYEVERLDNGT
LMDPHIFLSNFNNGI	8	22	15	PASGPRHLMDPHIFLSNFNNGIGRHRTYLCYEVERLDNGT
MDPHIFLSNFNNGIG	9	23	15	PASGPRHLMDPHIFLSNFNNGIGRHRTYLCYEVERLDNGT
DPHIFLSNFNNGIGR	10	24	15	PASGPRHLMDPHIFLSNFNNGIGRHRTYLCYEVERLDNGT
PHIFLSNFNNGIGRH	11	25	15	PASGPRHLMDPHIFLSNFNNGIGRHRTYLCYEVERLDNGT
HIFLSNFNNGIGRHR	12	26	15	PASGPRHLMDPHIFLSNFNNGIGRHRTYLCYEVERLDNGT
IFLSNFNNGIGRHRT	13	27	15	PASGPRHLMDPHIFLSNFNNGIGRHRTYLCYEVERLDNGT
FLSNFNNGIGRHRTY	14	28	15	PASGPRHLMDPHIFLSNFNNGIGRHRTYLCYEVERLDNGT
LSNFNNGIGRHRTYL	15	29	15	PASGPRHLMDPHIFLSNFNNGIGRHRTYLCYEVERLDNGT
SNFNNGIGRHRTYLC	16	30	15	PASGPRHLMDPHIFLSNFNNGIGRHRTYLCYEVERLDNGT
NFNNGIGRHRTYLCY	17	31	15	PASGPRHLMDPHIFLSNFNNGIGRHRTYLCYEVERLDNGT
FNNGIGRHRTYLCYE	18	32	15	PASGPRHLMDPHIFLSNFNNGIGRHRTYLCYEVERLDNGT
NNGIGRHRTYLCYEV	19	33	15	PASGPRHLMDPHIFLSNFNNGIGRHRTYLCYEVERLDNGT
NGIGRHRTYLCYEVE	20	34	15	PASGPRHLMDPHIFLSNFNNGIGRHRTYLCYEVERLDNGT
GIGRHRTYLCYEVER	21	35	15	PASGPRHLMDPHIFLSNFNNGIGRHRTYLCYEVERLDNGT
IGRHRTYLCYEVERL	22	36	15	PASGPRHLMDPHIFLSNFNNGIGRHRTYLCYEVERLDNGT
GRHRTYLCYEVERLD	23	37	15	PASGPRHLMDPHIFLSNFNNGIGRHRTYLCYEVERLDNGT
RHRTYLCYEVERLDN	24	38	15	PASGPRHLMDPHIFLSNFNNGIGRHRTYLCYEVERLDNGT
HRTYLCYEVERLDNG	25	39	15	PASGPRHLMDPHIFLSNFNNGIGRHRTYLCYEVERLDNGT
RTYLCYEVERLDNGT	26	40	15	PASGPRHLMDPHIFLSNFNNGIGRHRTYLCYEVERLDNGT
PASGPRHLMDPHIFQ	1	15	15	PASGPRHLMDPHIFQSNFNNGIGRHRTYLCYEVERLDNGT
ASGPRHLMDPHIFQS	2	16	15	PASGPRHLMDPHIFQSNFNNGIGRHRTYLCYEVERLDNGT
SGPRHLMDPHIFQSN	3	17	15	PASGPRHLMDPHIFQSNFNNGIGRHRTYLCYEVERLDNGT
GPRHLMDPHIFQSNF	4	18	15	PASGPRHLMDPHIFQSNFNNGIGRHRTYLCYEVERLDNGT
PRHLMDPHIFQSNFN	5	19	15	PASGPRHLMDPHIFQSNFNNGIGRHRTYLCYEVERLDNGT
RHLMDPHIFQSNFNN	6	20	15	PASGPRHLMDPHIFQSNFNNGIGRHRTYLCYEVERLDNGT
HLMDPHIFQSNFNNG	7	21	15	PASGPRHLMDPHIFQSNFNNGIGRHRTYLCYEVERLDNGT
LMDPHIFQSNFNNGI	8	22	15	PASGPRHLMDPHIFQSNFNNGIGRHRTYLCYEVERLDNGT
MDPHIFQSNFNNGIG	9	23	15	PASGPRHLMDPHIFQSNFNNGIGRHRTYLCYEVERLDNGT
DPHIFQSNFNNGIGR	10	24	15	PASGPRHLMDPHIFQSNFNNGIGRHRTYLCYEVERLDNGT
PHIFQSNFNNGIGRH	11	25	15	PASGPRHLMDPHIFQSNFNNGIGRHRTYLCYEVERLDNGT
HIFQSNFNNGIGRHR	12	26	15	PASGPRHLMDPHIFQSNFNNGIGRHRTYLCYEVERLDNGT
IFQSNFNNGIGRHRT	13	27	15	PASGPRHLMDPHIFQSNFNNGIGRHRTYLCYEVERLDNGT
FQSNFNNGIGRHRTY	14	28	15	PASGPRHLMDPHIFQSNFNNGIGRHRTYLCYEVERLDNGT
QSNFNNGIGRHRTYL	15	29	15	PASGPRHLMDPHIFQSNFNNGIGRHRTYLCYEVERLDNGT
SNFNNGIGRHRTYLC	16	30	15	PASGPRHLMDPHIFQSNFNNGIGRHRTYLCYEVERLDNGT
NFNNGIGRHRTYLCY	17	31	15	PASGPRHLMDPHIFQSNFNNGIGRHRTYLCYEVERLDNGT
FNNGIGRHRTYLCYE	18	32	15	PASGPRHLMDPHIFQSNFNNGIGRHRTYLCYEVERLDNGT
NNGIGRHRTYLCYEV	19	33	15	PASGPRHLMDPHIFQSNFNNGIGRHRTYLCYEVERLDNGT
NGIGRHRTYLCYEVE	20	34	15	PASGPRHLMDPHIFQSNFNNGIGRHRTYLCYEVERLDNGT
GIGRHRTYLCYEVER	21	35	15	PASGPRHLMDPHIFQSNFNNGIGRHRTYLCYEVERLDNGT
IGRHRTYLCYEVERL	22	36	15	PASGPRHLMDPHIFQSNFNNGIGRHRTYLCYEVERLDNGT
GRHRTYLCYEVERLD	23	37	15	PASGPRHLMDPHIFQSNFNNGIGRHRTYLCYEVERLDNGT
RHRTYLCYEVERLDN	24	38	15	PASGPRHLMDPHIFQSNFNNGIGRHRTYLCYEVERLDNGT
HRTYLCYEVERLDNG	25	39	15	PASGPRHLMDPHIFQSNFNNGIGRHRTYLCYEVERLDNGT
RTYLCYEVERLDNGT	26	40	15	PASGPRHLMDPHIFQSNFNNGIGRHRTYLCYEVERLDNGT
PASGPRHLMDPHIFW	1	15	15	PASGPRHLMDPHIFWSNFNNGIGRHRTYLCYEVERLDNGT
ASGPRHLMDPHIFWS	2	16	15	PASGPRHLMDPHIFWSNFNNGIGRHRTYLCYEVERLDNGT
SGPRHLMDPHIFWSN	3	17	15	PASGPRHLMDPHIFWSNFNNGIGRHRTYLCYEVERLDNGT
GPRHLMDPHIFWSNF	4	18	15	PASGPRHLMDPHIFWSNFNNGIGRHRTYLCYEVERLDNGT
PRHLMDPHIFWSNFN	5	19	15	PASGPRHLMDPHIFWSNFNNGIGRHRTYLCYEVERLDNGT
RHLMDPHIFWSNFNN	6	20	15	PASGPRHLMDPHIFWSNFNNGIGRHRTYLCYEVERLDNGT
HLMDPHIFWSNFNNG	7	21	15	PASGPRHLMDPHIFWSNFNNGIGRHRTYLCYEVERLDNGT
LMDPHIFWSNFNNGI	8	22	15	PASGPRHLMDPHIFWSNFNNGIGRHRTYLCYEVERLDNGT
MDPHIFWSNFNNGIG	9	23	15	PASGPRHLMDPHIFWSNFNNGIGRHRTYLCYEVERLDNGT
DPHIFWSNFNNGIGR	10	24	15	PASGPRHLMDPHIFWSNFNNGIGRHRTYLCYEVERLDNGT
PHIFWSNFNNGIGRH	11	25	15	PASGPRHLMDPHIFWSNFNNGIGRHRTYLCYEVERLDNGT
HIFWSNFNNGIGRHR	12	26	15	PASGPRHLMDPHIFWSNFNNGIGRHRTYLCYEVERLDNGT
IFWSNFNNGIGRHRT	13	27	15	PASGPRHLMDPHIFWSNFNNGIGRHRTYLCYEVERLDNGT
FWSNFNNGIGRHRTY	14	28	15	PASGPRHLMDPHIFWSNFNNGIGRHRTYLCYEVERLDNGT
WSNFNNGIGRHRTYL	15	29	15	PASGPRHLMDPHIFWSNFNNGIGRHRTYLCYEVERLDNGT
SNFNNGIGRHRTYLC	16	30	15	PASGPRHLMDPHIFWSNFNNGIGRHRTYLCYEVERLDNGT
NFNNGIGRHRTYLCY	17	31	15	PASGPRHLMDPHIFWSNFNNGIGRHRTYLCYEVERLDNGT
FNNGIGRHRTYLCYE	18	32	15	PASGPRHLMDPHIFWSNFNNGIGRHRTYLCYEVERLDNGT
NNGIGRHRTYLCYEV	19	33	15	PASGPRHLMDPHIFWSNFNNGIGRHRTYLCYEVERLDNGT
NGIGRHRTYLCYEVE	20	34	15	PASGPRHLMDPHIFWSNFNNGIGRHRTYLCYEVERLDNGT
GIGRHRTYLCYEVER	21	35	15	PASGPRHLMDPHIFWSNFNNGIGRHRTYLCYEVERLDNGT
IGRHRTYLCYEVERL	22	36	15	PASGPRHLMDPHIFWSNFNNGIGRHRTYLCYEVERLDNGT
GRHRTYLCYEVERLD	23	37	15	PASGPRHLMDPHIFWSNFNNGIGRHRTYLCYEVERLDNGT
RHRTYLCYEVERLDN	24	38	15	PASGPRHLMDPHIFWSNFNNGIGRHRTYLCYEVERLDNGT
HRTYLCYEVERLDNG	25	39	15	PASGPRHLMDPHIFWSNFNNGIGRHRTYLCYEVERLDNGT
RTYLCYEVERLDNGT	26	40	15	PASGPRHLMDPHIFWSNFNNGIGRHRTYLCYEVERLDNGT
ASGPRHLMDPHIFTD	1	15	15	ASGPRHLMDPHIFTDNFNNGIGRHRTYLCYEVERLDNGT
SGPRHLMDPHIFTDN	2	16	15	ASGPRHLMDPHIFTDNFNNGIGRHRTYLCYEVERLDNGT
GPRHLMDPHIFTDNF	3	17	15	ASGPRHLMDPHIFTDNFNNGIGRHRTYLCYEVERLDNGT
PRHLMDPHIFTDNFN	4	18	15	ASGPRHLMDPHIFTDNFNNGIGRHRTYLCYEVERLDNGT
RHLMDPHIFTDNFNN	5	19	15	ASGPRHLMDPHIFTDNFNNGIGRHRTYLCYEVERLDNGT
HLMDPHIFTDNFNNG	6	20	15	ASGPRHLMDPHIFTDNFNNGIGRHRTYLCYEVERLDNGT
LMDPHIFTDNFNNGI	7	21	15	ASGPRHLMDPHIFTDNFNNGIGRHRTYLCYEVERLDNGT
MDPHIFTDNFNNGIG	8	22	15	ASGPRHLMDPHIFTDNFNNGIGRHRTYLCYEVERLDNGT
DPHIFTDNFNNGIGR	9	23	15	ASGPRHLMDPHIFTDNFNNGIGRHRTYLCYEVERLDNGT
PHIFTDNFNNGIGRH	10	24	15	ASGPRHLMDPHIFTDNFNNGIGRHRTYLCYEVERLDNGT
HIFTDNFNNGIGRHR	11	25	15	ASGPRHLMDPHIFTDNFNNGIGRHRTYLCYEVERLDNGT
IFTDNFNNGIGRHRT	12	26	15	ASGPRHLMDPHIFTDNFNNGIGRHRTYLCYEVERLDNGT
FTDNFNNGIGRHRTY	13	27	15	ASGPRHLMDPHIFTDNFNNGIGRHRTYLCYEVERLDNGT
TDNFNNGIGRHRTYL	14	28	15	ASGPRHLMDPHIFTDNFNNGIGRHRTYLCYEVERLDNGT
DNFNNGIGRHRTYLC	15	29	15	ASGPRHLMDPHIFTDNFNNGIGRHRTYLCYEVERLDNGT
NFNNGIGRHRTYLCY	16	30	15	ASGPRHLMDPHIFTDNFNNGIGRHRTYLCYEVERLDNGT
FNNGIGRHRTYLCYE	17	31	15	ASGPRHLMDPHIFTDNFNNGIGRHRTYLCYEVERLDNGT
NNGIGRHRTYLCYEV	18	32	15	ASGPRHLMDPHIFTDNFNNGIGRHRTYLCYEVERLDNGT
NGIGRHRTYLCYEVE	19	33	15	ASGPRHLMDPHIFTDNFNNGIGRHRTYLCYEVERLDNGT
GIGRHRTYLCYEVER	20	34	15	ASGPRHLMDPHIFTDNFNNGIGRHRTYLCYEVERLDNGT
IGRHRTYLCYEVERL	21	35	15	ASGPRHLMDPHIFTDNFNNGIGRHRTYLCYEVERLDNGT
GRHRTYLCYEVERLD	22	36	15	ASGPRHLMDPHIFTDNFNNGIGRHRTYLCYEVERLDNGT
RHRTYLCYEVERLDN	23	37	15	ASGPRHLMDPHIFTDNFNNGIGRHRTYLCYEVERLDNGT
HRTYLCYEVERLDNG	24	38	15	ASGPRHLMDPHIFTDNFNNGIGRHRTYLCYEVERLDNGT
RTYLCYEVERLDNGT	25	39	15	ASGPRHLMDPHIFTDNFNNGIGRHRTYLCYEVERLDNGT
ASGPRHLMDPHIFTH	1	15	15	ASGPRHLMDPHIFTHNFNNGIGRHRTYLCYEVERLDNGT
SGPRHLMDPHIFTHN	2	16	15	ASGPRHLMDPHIFTHNFNNGIGRHRTYLCYEVERLDNGT
GPRHLMDPHIFTHNF	3	17	15	ASGPRHLMDPHIFTHNFNNGIGRHRTYLCYEVERLDNGT
PRHLMDPHIFTHNFN	4	18	15	ASGPRHLMDPHIFTHNFNNGIGRHRTYLCYEVERLDNGT
RHLMDPHIFTHNFNN	5	19	15	ASGPRHLMDPHIFTHNFNNGIGRHRTYLCYEVERLDNGT
HLMDPHIFTHNFNNG	6	20	15	ASGPRHLMDPHIFTHNFNNGIGRHRTYLCYEVERLDNGT
LMDPHIFTHNFNNGI	7	21	15	ASGPRHLMDPHIFTHNFNNGIGRHRTYLCYEVERLDNGT
MDPHIFTHNFNNGIG	8	22	15	ASGPRHLMDPHIFTHNFNNGIGRHRTYLCYEVERLDNGT
DPHIFTHNFNNGIGR	9	23	15	ASGPRHLMDPHIFTHNFNNGIGRHRTYLCYEVERLDNGT
PHIFTHNFNNGIGRH	10	24	15	ASGPRHLMDPHIFTHNFNNGIGRHRTYLCYEVERLDNGT
HIFTHNFNNGIGRHR	11	25	15	ASGPRHLMDPHIFTHNFNNGIGRHRTYLCYEVERLDNGT
IFTHNFNNGIGRHRT	12	26	15	ASGPRHLMDPHIFTHNFNNGIGRHRTYLCYEVERLDNGT
FTHNFNNGIGRHRTY	13	27	15	ASGPRHLMDPHIFTHNFNNGIGRHRTYLCYEVERLDNGT
THNFNNGIGRHRTYL	14	28	15	ASGPRHLMDPHIFTHNFNNGIGRHRTYLCYEVERLDNGT
HNFNNGIGRHRTYLC	15	29	15	ASGPRHLMDPHIFTHNFNNGIGRHRTYLCYEVERLDNGT
NFNNGIGRHRTYLCY	16	30	15	ASGPRHLMDPHIFTHNFNNGIGRHRTYLCYEVERLDNGT
FNNGIGRHRTYLCYE	17	31	15	ASGPRHLMDPHIFTHNFNNGIGRHRTYLCYEVERLDNGT
NNGIGRHRTYLCYEV	18	32	15	ASGPRHLMDPHIFTHNFNNGIGRHRTYLCYEVERLDNGT
NGIGRHRTYLCYEVE	19	33	15	ASGPRHLMDPHIFTHNFNNGIGRHRTYLCYEVERLDNGT
GIGRHRTYLCYEVER	20	34	15	ASGPRHLMDPHIFTHNFNNGIGRHRTYLCYEVERLDNGT
IGRHRTYLCYEVERL	21	35	15	ASGPRHLMDPHIFTHNFNNGIGRHRTYLCYEVERLDNGT
GRHRTYLCYEVERLD	22	36	15	ASGPRHLMDPHIFTHNFNNGIGRHRTYLCYEVERLDNGT
RHRTYLCYEVERLDN	23	37	15	ASGPRHLMDPHIFTHNFNNGIGRHRTYLCYEVERLDNGT
HRTYLCYEVERLDNG	24	38	15	ASGPRHLMDPHIFTHNFNNGIGRHRTYLCYEVERLDNGT
RTYLCYEVERLDNGT	25	39	15	ASGPRHLMDPHIFTHNFNNGIGRHRTYLCYEVERLDNGT
ASGPRHLMDPHIFTM	1	15	15	ASGPRHLMDPHIFTMNFNNGIGRHRTYLCYEVERLDNGT
SGPRHLMDPHIFTMN	2	16	15	ASGPRHLMDPHIFTMNFNNGIGRHRTYLCYEVERLDNGT
GPRHLMDPHIFTMNF	3	17	15	ASGPRHLMDPHIFTMNFNNGIGRHRTYLCYEVERLDNGT
PRHLMDPHIFTMNFN	4	18	15	ASGPRHLMDPHIFTMNFNNGIGRHRTYLCYEVERLDNGT
RHLMDPHIFTMNFNN	5	19	15	ASGPRHLMDPHIFTMNFNNGIGRHRTYLCYEVERLDNGT
HLMDPHIFTMNFNNG	6	20	15	ASGPRHLMDPHIFTMNFNNGIGRHRTYLCYEVERLDNGT
LMDPHIFTMNFNNGI	7	21	15	ASGPRHLMDPHIFTMNFNNGIGRHRTYLCYEVERLDNGT
MDPHIFTMNFNNGIG	8	22	15	ASGPRHLMDPHIFTMNFNNGIGRHRTYLCYEVERLDNGT
DPHIFTMNFNNGIGR	9	23	15	ASGPRHLMDPHIFTMNFNNGIGRHRTYLCYEVERLDNGT
PHIFTMNFNNGIGRH	10	24	15	ASGPRHLMDPHIFTMNFNNGIGRHRTYLCYEVERLDNGT
HIFTMNFNNGIGRHR	11	25	15	ASGPRHLMDPHIFTMNFNNGIGRHRTYLCYEVERLDNGT
IFTMNFNNGIGRHRT	12	26	15	ASGPRHLMDPHIFTMNFNNGIGRHRTYLCYEVERLDNGT
FTMNFNNGIGRHRTY	13	27	15	ASGPRHLMDPHIFTMNFNNGIGRHRTYLCYEVERLDNGT
TMNFNNGIGRHRTYL	14	28	15	ASGPRHLMDPHIFTMNFNNGIGRHRTYLCYEVERLDNGT
MNFNNGIGRHRTYLC	15	29	15	ASGPRHLMDPHIFTMNFNNGIGRHRTYLCYEVERLDNGT
NFNNGIGRHRTYLCY	16	30	15	ASGPRHLMDPHIFTMNFNNGIGRHRTYLCYEVERLDNGT
FNNGIGRHRTYLCYE	17	31	15	ASGPRHLMDPHIFTMNFNNGIGRHRTYLCYEVERLDNGT
NNGIGRHRTYLCYEV	18	32	15	ASGPRHLMDPHIFTMNFNNGIGRHRTYLCYEVERLDNGT
NGIGRHRTYLCYEVE	19	33	15	ASGPRHLMDPHIFTMNFNNGIGRHRTYLCYEVERLDNGT
GIGRHRTYLCYEVER	20	34	15	ASGPRHLMDPHIFTMNFNNGIGRHRTYLCYEVERLDNGT
IGRHRTYLCYEVERL	21	35	15	ASGPRHLMDPHIFTMNFNNGIGRHRTYLCYEVERLDNGT
GRHRTYLCYEVERLD	22	36	15	ASGPRHLMDPHIFTMNFNNGIGRHRTYLCYEVERLDNGT
RHRTYLCYEVERLDN	23	37	15	ASGPRHLMDPHIFTMNFNNGIGRHRTYLCYEVERLDNGT
HRTYLCYEVERLDNG	24	38	15	ASGPRHLMDPHIFTMNFNNGIGRHRTYLCYEVERLDNGT
RTYLCYEVERLDNGT	25	39	15	ASGPRHLMDPHIFTMNFNNGIGRHRTYLCYEVERLDNGT
ASGPRHLMDPHIFTR	1	15	15	ASGPRHLMDPHIFTRNFNNGIGRHRTYLCYEVERLDNGT
SGPRHLMDPHIFTRN	2	16	15	ASGPRHLMDPHIFTRNFNNGIGRHRTYLCYEVERLDNGT
GPRHLMDPHIFTRNF	3	17	15	ASGPRHLMDPHIFTRNFNNGIGRHRTYLCYEVERLDNGT
PRHLMDPHIFTRNFN	4	18	15	ASGPRHLMDPHIFTRNFNNGIGRHRTYLCYEVERLDNGT
RHLMDPHIFTRNFNN	5	19	15	ASGPRHLMDPHIFTRNFNNGIGRHRTYLCYEVERLDNGT
HLMDPHIFTRNFNNG	6	20	15	ASGPRHLMDPHIFTRNFNNGIGRHRTYLCYEVERLDNGT
LMDPHIFTRNFNNGI	7	21	15	ASGPRHLMDPHIFTRNFNNGIGRHRTYLCYEVERLDNGT
MDPHIFTRNFNNGIG	8	22	15	ASGPRHLMDPHIFTRNFNNGIGRHRTYLCYEVERLDNGT
DPHIFTRNFNNGIGR	9	23	15	ASGPRHLMDPHIFTRNFNNGIGRHRTYLCYEVERLDNGT
PHIFTRNFNNGIGRH	10	24	15	ASGPRHLMDPHIFTRNFNNGIGRHRTYLCYEVERLDNGT
HIFTRNFNNGIGRHR	11	25	15	ASGPRHLMDPHIFTRNFNNGIGRHRTYLCYEVERLDNGT
IFTRNFNNGIGRHRT	12	26	15	ASGPRHLMDPHIFTRNFNNGIGRHRTYLCYEVERLDNGT
FTRNFNNGIGRHRTY	13	27	15	ASGPRHLMDPHIFTRNFNNGIGRHRTYLCYEVERLDNGT
TRNFNNGIGRHRTYL	14	28	15	ASGPRHLMDPHIFTRNFNNGIGRHRTYLCYEVERLDNGT
RNFNNGIGRHRTYLC	15	29	15	ASGPRHLMDPHIFTRNFNNGIGRHRTYLCYEVERLDNGT
NFNNGIGRHRTYLCY	16	30	15	ASGPRHLMDPHIFTRNFNNGIGRHRTYLCYEVERLDNGT
FNNGIGRHRTYLCYE	17	31	15	ASGPRHLMDPHIFTRNFNNGIGRHRTYLCYEVERLDNGT
NNGIGRHRTYLCYEV	18	32	15	ASGPRHLMDPHIFTRNFNNGIGRHRTYLCYEVERLDNGT
NGIGRHRTYLCYEVE	19	33	15	ASGPRHLMDPHIFTRNFNNGIGRHRTYLCYEVERLDNGT
GIGRHRTYLCYEVER	20	34	15	ASGPRHLMDPHIFTRNFNNGIGRHRTYLCYEVERLDNGT
IGRHRTYLCYEVERL	21	35	15	ASGPRHLMDPHIFTRNFNNGIGRHRTYLCYEVERLDNGT
GRHRTYLCYEVERLD	22	36	15	ASGPRHLMDPHIFTRNFNNGIGRHRTYLCYEVERLDNGT
RHRTYLCYEVERLDN	23	37	15	ASGPRHLMDPHIFTRNFNNGIGRHRTYLCYEVERLDNGT
HRTYLCYEVERLDNG	24	38	15	ASGPRHLMDPHIFTRNFNNGIGRHRTYLCYEVERLDNGT
RTYLCYEVERLDNGT	25	39	15	ASGPRHLMDPHIFTRNFNNGIGRHRTYLCYEVERLDNGT
ASGPRHLMDPHIFTY	1	15	15	ASGPRHLMDPHIFTYNFNNGIGRHRTYLCYEVERLDNGT
SGPRHLMDPHIFTYN	2	16	15	ASGPRHLMDPHIFTYNFNNGIGRHRTYLCYEVERLDNGT
GPRHLMDPHIFTYNF	3	17	15	ASGPRHLMDPHIFTYNFNNGIGRHRTYLCYEVERLDNGT
PRHLMDPHIFTYNFN	4	18	15	ASGPRHLMDPHIFTYNFNNGIGRHRTYLCYEVERLDNGT
RHLMDPHIFTYNFNN	5	19	15	ASGPRHLMDPHIFTYNFNNGIGRHRTYLCYEVERLDNGT
HLMDPHIFTYNFNNG	6	20	15	ASGPRHLMDPHIFTYNFNNGIGRHRTYLCYEVERLDNGT
LMDPHIFTYNFNNGI	7	21	15	ASGPRHLMDPHIFTYNFNNGIGRHRTYLCYEVERLDNGT
MDPHIFTYNFNNGIG	8	22	15	ASGPRHLMDPHIFTYNFNNGIGRHRTYLCYEVERLDNGT
DPHIFTYNFNNGIGR	9	23	15	ASGPRHLMDPHIFTYNFNNGIGRHRTYLCYEVERLDNGT
PHIFTYNFNNGIGRH	10	24	15	ASGPRHLMDPHIFTYNFNNGIGRHRTYLCYEVERLDNGT
HIFTYNFNNGIGRHR	11	25	15	ASGPRHLMDPHIFTYNFNNGIGRHRTYLCYEVERLDNGT
IFTYNFNNGIGRHRT	12	26	15	ASGPRHLMDPHIFTYNFNNGIGRHRTYLCYEVERLDNGT
FTYNFNNGIGRHRTY	13	27	15	ASGPRHLMDPHIFTYNFNNGIGRHRTYLCYEVERLDNGT
TYNFNNGIGRHRTYL	14	28	15	ASGPRHLMDPHIFTYNFNNGIGRHRTYLCYEVERLDNGT
YNFNNGIGRHRTYLC	15	29	15	ASGPRHLMDPHIFTYNFNNGIGRHRTYLCYEVERLDNGT
NFNNGIGRHRTYLCY	16	30	15	ASGPRHLMDPHIFTYNFNNGIGRHRTYLCYEVERLDNGT
FNNGIGRHRTYLCYE	17	31	15	ASGPRHLMDPHIFTYNFNNGIGRHRTYLCYEVERLDNGT
NNGIGRHRTYLCYEV	18	32	15	ASGPRHLMDPHIFTYNFNNGIGRHRTYLCYEVERLDNGT
NGIGRHRTYLCYEVE	19	33	15	ASGPRHLMDPHIFTYNFNNGIGRHRTYLCYEVERLDNGT
GIGRHRTYLCYEVER	20	34	15	ASGPRHLMDPHIFTYNFNNGIGRHRTYLCYEVERLDNGT
IGRHRTYLCYEVERL	21	35	15	ASGPRHLMDPHIFTYNFNNGIGRHRTYLCYEVERLDNGT
GRHRTYLCYEVERLD	22	36	15	ASGPRHLMDPHIFTYNFNNGIGRHRTYLCYEVERLDNGT
RHRTYLCYEVERLDN	23	37	15	ASGPRHLMDPHIFTYNFNNGIGRHRTYLCYEVERLDNGT
HRTYLCYEVERLDNG	24	38	15	ASGPRHLMDPHIFTYNFNNGIGRHRTYLCYEVERLDNGT
RTYLCYEVERLDNGT	25	39	15	ASGPRHLMDPHIFTYNFNNGIGRHRTYLCYEVERLDNGT
SGPRHLMDPHIFTSE	1	15	15	SGPRHLMDPHIFTSEFNNGIGRHRTYLCYEVERLDNGT
GPRHLMDPHIFTSEF	2	16	15	SGPRHLMDPHIFTSEFNNGIGRHRTYLCYEVERLDNGT
PRHLMDPHIFTSEFN	3	17	15	SGPRHLMDPHIFTSEFNNGIGRHRTYLCYEVERLDNGT
RHLMDPHIFTSEFNN	4	18	15	SGPRHLMDPHIFTSEFNNGIGRHRTYLCYEVERLDNGT
HLMDPHIFTSEFNNG	5	19	15	SGPRHLMDPHIFTSEFNNGIGRHRTYLCYEVERLDNGT
LMDPHIFTSEFNNGI	6	20	15	SGPRHLMDPHIFTSEFNNGIGRHRTYLCYEVERLDNGT
MDPHIFTSEFNNGIG	7	21	15	SGPRHLMDPHIFTSEFNNGIGRHRTYLCYEVERLDNGT
DPHIFTSEFNNGIGR	8	22	15	SGPRHLMDPHIFTSEFNNGIGRHRTYLCYEVERLDNGT
PHIFTSEFNNGIGRH	9	23	15	SGPRHLMDPHIFTSEFNNGIGRHRTYLCYEVERLDNGT
HIFTSEFNNGIGRHR	10	24	15	SGPRHLMDPHIFTSEFNNGIGRHRTYLCYEVERLDNGT
IFTSEFNNGIGRHRT	11	25	15	SGPRHLMDPHIFTSEFNNGIGRHRTYLCYEVERLDNGT
FTSEFNNGIGRHRTY	12	26	15	SGPRHLMDPHIFTSEFNNGIGRHRTYLCYEVERLDNGT
TSEFNNGIGRHRTYL	13	27	15	SGPRHLMDPHIFTSEFNNGIGRHRTYLCYEVERLDNGT
SEFNNGIGRHRTYLC	14	28	15	SGPRHLMDPHIFTSEFNNGIGRHRTYLCYEVERLDNGT
EFNNGIGRHRTYLCY	15	29	15	SGPRHLMDPHIFTSEFNNGIGRHRTYLCYEVERLDNGT
FNNGIGRHRTYLCYE	16	30	15	SGPRHLMDPHIFTSEFNNGIGRHRTYLCYEVERLDNGT
NNGIGRHRTYLCYEV	17	31	15	SGPRHLMDPHIFTSEFNNGIGRHRTYLCYEVERLDNGT
NGIGRHRTYLCYEVE	18	32	15	SGPRHLMDPHIFTSEFNNGIGRHRTYLCYEVERLDNGT
GIGRHRTYLCYEVER	19	33	15	SGPRHLMDPHIFTSEFNNGIGRHRTYLCYEVERLDNGT
IGRHRTYLCYEVERL	20	34	15	SGPRHLMDPHIFTSEFNNGIGRHRTYLCYEVERLDNGT
GRHRTYLCYEVERLD	21	35	15	SGPRHLMDPHIFTSEFNNGIGRHRTYLCYEVERLDNGT
RHRTYLCYEVERLDN	22	36	15	SGPRHLMDPHIFTSEFNNGIGRHRTYLCYEVERLDNGT
HRTYLCYEVERLDNG	23	37	15	SGPRHLMDPHIFTSEFNNGIGRHRTYLCYEVERLDNGT
RTYLCYEVERLDNGT	24	38	15	SGPRHLMDPHIFTSEFNNGIGRHRTYLCYEVERLDNGT
SGPRHLMDPHIFTSI	1	15	15	SGPRHLMDPHIFTSIFNNGIGRHRTYLCYEVERLDNGT
GPRHLMDPHIFTSIF	2	16	15	SGPRHLMDPHIFTSIFNNGIGRHRTYLCYEVERLDNGT
PRHLMDPHIFTSIFN	3	17	15	SGPRHLMDPHIFTSIFNNGIGRHRTYLCYEVERLDNGT
RHLMDPHIFTSIFNN	4	18	15	SGPRHLMDPHIFTSIFNNGIGRHRTYLCYEVERLDNGT
HLMDPHIFTSIFNNG	5	19	15	SGPRHLMDPHIFTSIFNNGIGRHRTYLCYEVERLDNGT
LMDPHIFTSIFNNGI	6	20	15	SGPRHLMDPHIFTSIFNNGIGRHRTYLCYEVERLDNGT
MDPHIFTSIFNNGIG	7	21	15	SGPRHLMDPHIFTSIFNNGIGRHRTYLCYEVERLDNGT
DPHIFTSIFNNGIGR	8	22	15	SGPRHLMDPHIFTSIFNNGIGRHRTYLCYEVERLDNGT
PHIFTSIFNNGIGRH	9	23	15	SGPRHLMDPHIFTSIFNNGIGRHRTYLCYEVERLDNGT
HIFTSIFNNGIGRHR	10	24	15	SGPRHLMDPHIFTSIFNNGIGRHRTYLCYEVERLDNGT
IFTSIFNNGIGRHRT	11	25	15	SGPRHLMDPHIFTSIFNNGIGRHRTYLCYEVERLDNGT
FTSIFNNGIGRHRTY	12	26	15	SGPRHLMDPHIFTSIFNNGIGRHRTYLCYEVERLDNGT
TSIFNNGIGRHRTYL	13	27	15	SGPRHLMDPHIFTSIFNNGIGRHRTYLCYEVERLDNGT
SIFNNGIGRHRTYLC	14	28	15	SGPRHLMDPHIFTSIFNNGIGRHRTYLCYEVERLDNGT
IFNNGIGRHRTYLCY	15	29	15	SGPRHLMDPHIFTSIFNNGIGRHRTYLCYEVERLDNGT
FNNGIGRHRTYLCYE	16	30	15	SGPRHLMDPHIFTSIFNNGIGRHRTYLCYEVERLDNGT
NNGIGRHRTYLCYEV	17	31	15	SGPRHLMDPHIFTSIFNNGIGRHRTYLCYEVERLDNGT
NGIGRHRTYLCYEVE	18	32	15	SGPRHLMDPHIFTSIFNNGIGRHRTYLCYEVERLDNGT
GIGRHRTYLCYEVER	19	33	15	SGPRHLMDPHIFTSIFNNGIGRHRTYLCYEVERLDNGT
IGRHRTYLCYEVERL	20	34	15	SGPRHLMDPHIFTSIFNNGIGRHRTYLCYEVERLDNGT
GRHRTYLCYEVERLD	21	35	15	SGPRHLMDPHIFTSIFNNGIGRHRTYLCYEVERLDNGT
RHRTYLCYEVERLDN	22	36	15	SGPRHLMDPHIFTSIFNNGIGRHRTYLCYEVERLDNGT
HRTYLCYEVERLDNG	23	37	15	SGPRHLMDPHIFTSIFNNGIGRHRTYLCYEVERLDNGT
RTYLCYEVERLDNGT	24	38	15	SGPRHLMDPHIFTSIFNNGIGRHRTYLCYEVERLDNGT
SGPRHLMDPHIFTSP	1	15	15	SGPRHLMDPHIFTSPFNNGIGRHRTYLCYEVERLDNGT
GPRHLMDPHIFTSPF	2	16	15	SGPRHLMDPHIFTSPFNNGIGRHRTYLCYEVERLDNGT
PRHLMDPHIFTSPFN	3	17	15	SGPRHLMDPHIFTSPFNNGIGRHRTYLCYEVERLDNGT
RHLMDPHIFTSPFNN	4	18	15	SGPRHLMDPHIFTSPFNNGIGRHRTYLCYEVERLDNGT
HLMDPHIFTSPFNNG	5	19	15	SGPRHLMDPHIFTSPFNNGIGRHRTYLCYEVERLDNGT
LMDPHIFTSPFNNGI	6	20	15	SGPRHLMDPHIFTSPFNNGIGRHRTYLCYEVERLDNGT
MDPHIFTSPFNNGIG	7	21	15	SGPRHLMDPHIFTSPFNNGIGRHRTYLCYEVERLDNGT
DPHIFTSPFNNGIGR	8	22	15	SGPRHLMDPHIFTSPFNNGIGRHRTYLCYEVERLDNGT
PHIFTSPFNNGIGRH	9	23	15	SGPRHLMDPHIFTSPFNNGIGRHRTYLCYEVERLDNGT
HIFTSPFNNGIGRHR	10	24	15	SGPRHLMDPHIFTSPFNNGIGRHRTYLCYEVERLDNGT
IFTSPFNNGIGRHRT	11	25	15	SGPRHLMDPHIFTSPFNNGIGRHRTYLCYEVERLDNGT
FTSPFNNGIGRHRTY	12	26	15	SGPRHLMDPHIFTSPFNNGIGRHRTYLCYEVERLDNGT
TSPFNNGIGRHRTYL	13	27	15	SGPRHLMDPHIFTSPFNNGIGRHRTYLCYEVERLDNGT
SPFNNGIGRHRTYLC	14	28	15	SGPRHLMDPHIFTSPFNNGIGRHRTYLCYEVERLDNGT
PFNNGIGRHRTYLCY	15	29	15	SGPRHLMDPHIFTSPFNNGIGRHRTYLCYEVERLDNGT
FNNGIGRHRTYLCYE	16	30	15	SGPRHLMDPHIFTSPFNNGIGRHRTYLCYEVERLDNGT
NNGIGRHRTYLCYEV	17	31	15	SGPRHLMDPHIFTSPFNNGIGRHRTYLCYEVERLDNGT
NGIGRHRTYLCYEVE	18	32	15	SGPRHLMDPHIFTSPFNNGIGRHRTYLCYEVERLDNGT
GIGRHRTYLCYEVER	19	33	15	SGPRHLMDPHIFTSPFNNGIGRHRTYLCYEVERLDNGT
IGRHRTYLCYEVERL	20	34	15	SGPRHLMDPHIFTSPFNNGIGRHRTYLCYEVERLDNGT
GRHRTYLCYEVERLD	21	35	15	SGPRHLMDPHIFTSPFNNGIGRHRTYLCYEVERLDNGT
RHRTYLCYEVERLDN	22	36	15	SGPRHLMDPHIFTSPFNNGIGRHRTYLCYEVERLDNGT
HRTYLCYEVERLDNG	23	37	15	SGPRHLMDPHIFTSPFNNGIGRHRTYLCYEVERLDNGT
RTYLCYEVERLDNGT	24	38	15	SGPRHLMDPHIFTSPFNNGIGRHRTYLCYEVERLDNGT
PASGPRHLMDPHIFD	1	15	15	PASGPRHLMDPHIFDSNFNNGIGRHRTYLCYEVERLDNGT
ASGPRHLMDPHIFDS	2	16	15	PASGPRHLMDPHIFDSNFNNGIGRHRTYLCYEVERLDNGT
SGPRHLMDPHIFDSN	3	17	15	PASGPRHLMDPHIFDSNFNNGIGRHRTYLCYEVERLDNGT
GPRHLMDPHIFDSNF	4	18	15	PASGPRHLMDPHIFDSNFNNGIGRHRTYLCYEVERLDNGT
PRHLMDPHIFDSNFN	5	19	15	PASGPRHLMDPHIFDSNFNNGIGRHRTYLCYEVERLDNGT
RHLMDPHIFDSNFNN	6	20	15	PASGPRHLMDPHIFDSNFNNGIGRHRTYLCYEVERLDNGT
HLMDPHIFDSNFNNG	7	21	15	PASGPRHLMDPHIFDSNFNNGIGRHRTYLCYEVERLDNGT
LMDPHIFDSNFNNGI	8	22	15	PASGPRHLMDPHIFDSNFNNGIGRHRTYLCYEVERLDNGT
MDPHIFDSNFNNGIG	9	23	15	PASGPRHLMDPHIFDSNFNNGIGRHRTYLCYEVERLDNGT
DPHIFDSNFNNGIGR	10	24	15	PASGPRHLMDPHIFDSNFNNGIGRHRTYLCYEVERLDNGT
PHIFDSNFNNGIGRH	11	25	15	PASGPRHLMDPHIFDSNFNNGIGRHRTYLCYEVERLDNGT
HIFDSNFNNGIGRHR	12	26	15	PASGPRHLMDPHIFDSNFNNGIGRHRTYLCYEVERLDNGT
IFDSNFNNGIGRHRT	13	27	15	PASGPRHLMDPHIFDSNFNNGIGRHRTYLCYEVERLDNGT
FDSNFNNGIGRHRTY	14	28	15	PASGPRHLMDPHIFDSNFNNGIGRHRTYLCYEVERLDNGT
DSNFNNGIGRHRTYL	15	29	15	PASGPRHLMDPHIFDSNFNNGIGRHRTYLCYEVERLDNGT
SNFNNGIGRHRTYLC	16	30	15	PASGPRHLMDPHIFDSNFNNGIGRHRTYLCYEVERLDNGT
NFNNGIGRHRTYLCY	17	31	15	PASGPRHLMDPHIFDSNFNNGIGRHRTYLCYEVERLDNGT
FNNGIGRHRTYLCYE	18	32	15	PASGPRHLMDPHIFDSNFNNGIGRHRTYLCYEVERLDNGT
NNGIGRHRTYLCYEV	19	33	15	PASGPRHLMDPHIFDSNFNNGIGRHRTYLCYEVERLDNGT
NGIGRHRTYLCYEVE	20	34	15	PASGPRHLMDPHIFDSNFNNGIGRHRTYLCYEVERLDNGT
GIGRHRTYLCYEVER	21	35	15	PASGPRHLMDPHIFDSNFNNGIGRHRTYLCYEVERLDNGT
IGRHRTYLCYEVERL	22	36	15	PASGPRHLMDPHIFDSNFNNGIGRHRTYLCYEVERLDNGT
GRHRTYLCYEVERLD	23	37	15	PASGPRHLMDPHIFDSNFNNGIGRHRTYLCYEVERLDNGT
RHRTYLCYEVERLDN	24	38	15	PASGPRHLMDPHIFDSNFNNGIGRHRTYLCYEVERLDNGT
HRTYLCYEVERLDNG	25	39	15	PASGPRHLMDPHIFDSNFNNGIGRHRTYLCYEVERLDNGT
RTYLCYEVERLDNGT	26	40	15	PASGPRHLMDPHIFDSNFNNGIGRHRTYLCYEVERLDNGT
PASGPRHLMDPHIFH	1	15	15	PASGPRHLMDPHIFHSNFNNGIGRHRTYLCYEVERLDNGT
ASGPRHLMDPHIFHS	2	16	15	PASGPRHLMDPHIFHSNFNNGIGRHRTYLCYEVERLDNGT
SGPRHLMDPHIFHSN	3	17	15	PASGPRHLMDPHIFHSNFNNGIGRHRTYLCYEVERLDNGT
GPRHLMDPHIFHSNF	4	18	15	PASGPRHLMDPHIFHSNFNNGIGRHRTYLCYEVERLDNGT
PRHLMDPHIFHSNFN	5	19	15	PASGPRHLMDPHIFHSNFNNGIGRHRTYLCYEVERLDNGT
RHLMDPHIFHSNFNN	6	20	15	PASGPRHLMDPHIFHSNFNNGIGRHRTYLCYEVERLDNGT
HLMDPHIFHSNFNNG	7	21	15	PASGPRHLMDPHIFHSNFNNGIGRHRTYLCYEVERLDNGT
LMDPHIFHSNFNNGI	8	22	15	PASGPRHLMDPHIFHSNFNNGIGRHRTYLCYEVERLDNGT
MDPHIFHSNFNNGIG	9	23	15	PASGPRHLMDPHIFHSNFNNGIGRHRTYLCYEVERLDNGT
DPHIFHSNFNNGIGR	10	24	15	PASGPRHLMDPHIFHSNFNNGIGRHRTYLCYEVERLDNGT
PHIFHSNFNNGIGRH	11	25	15	PASGPRHLMDPHIFHSNFNNGIGRHRTYLCYEVERLDNGT
HIFHSNFNNGIGRHR	12	26	15	PASGPRHLMDPHIFHSNFNNGIGRHRTYLCYEVERLDNGT
IFHSNFNNGIGRHRT	13	27	15	PASGPRHLMDPHIFHSNFNNGIGRHRTYLCYEVERLDNGT
FHSNFNNGIGRHRTY	14	28	15	PASGPRHLMDPHIFHSNFNNGIGRHRTYLCYEVERLDNGT
HSNFNNGIGRHRTYL	15	29	15	PASGPRHLMDPHIFHSNFNNGIGRHRTYLCYEVERLDNGT
SNFNNGIGRHRTYLC	16	30	15	PASGPRHLMDPHIFHSNFNNGIGRHRTYLCYEVERLDNGT
NFNNGIGRHRTYLCY	17	31	15	PASGPRHLMDPHIFHSNFNNGIGRHRTYLCYEVERLDNGT
FNNGIGRHRTYLCYE	18	32	15	PASGPRHLMDPHIFHSNFNNGIGRHRTYLCYEVERLDNGT
NNGIGRHRTYLCYEV	19	33	15	PASGPRHLMDPHIFHSNFNNGIGRHRTYLCYEVERLDNGT
NGIGRHRTYLCYEVE	20	34	15	PASGPRHLMDPHIFHSNFNNGIGRHRTYLCYEVERLDNGT
GIGRHRTYLCYEVER	21	35	15	PASGPRHLMDPHIFHSNFNNGIGRHRTYLCYEVERLDNGT
IGRHRTYLCYEVERL	22	36	15	PASGPRHLMDPHIFHSNFNNGIGRHRTYLCYEVERLDNGT
GRHRTYLCYEVERLD	23	37	15	PASGPRHLMDPHIFHSNFNNGIGRHRTYLCYEVERLDNGT
RHRTYLCYEVERLDN	24	38	15	PASGPRHLMDPHIFHSNFNNGIGRHRTYLCYEVERLDNGT
HRTYLCYEVERLDNG	25	39	15	PASGPRHLMDPHIFHSNFNNGIGRHRTYLCYEVERLDNGT
RTYLCYEVERLDNGT	26	40	15	PASGPRHLMDPHIFHSNFNNGIGRHRTYLCYEVERLDNGT
PASGPRHLMDPHIFM	1	15	15	PASGPRHLMDPHIFMSNFNNGIGRHRTYLCYEVERLDNGT
ASGPRHLMDPHIFMS	2	16	15	PASGPRHLMDPHIFMSNFNNGIGRHRTYLCYEVERLDNGT
SGPRHLMDPHIFMSN	3	17	15	PASGPRHLMDPHIFMSNFNNGIGRHRTYLCYEVERLDNGT
GPRHLMDPHIFMSNF	4	18	15	PASGPRHLMDPHIFMSNFNNGIGRHRTYLCYEVERLDNGT
PRHLMDPHIFMSNFN	5	19	15	PASGPRHLMDPHIFMSNFNNGIGRHRTYLCYEVERLDNGT
RHLMDPHIFMSNFNN	6	20	15	PASGPRHLMDPHIFMSNFNNGIGRHRTYLCYEVERLDNGT
HLMDPHIFMSNFNNG	7	21	15	PASGPRHLMDPHIFMSNFNNGIGRHRTYLCYEVERLDNGT
LMDPHIFMSNFNNGI	8	22	15	PASGPRHLMDPHIFMSNFNNGIGRHRTYLCYEVERLDNGT
MDPHIFMSNFNNGIG	9	23	15	PASGPRHLMDPHIFMSNFNNGIGRHRTYLCYEVERLDNGT
DPHIFMSNFNNGIGR	10	24	15	PASGPRHLMDPHIFMSNFNNGIGRHRTYLCYEVERLDNGT
PHIFMSNFNNGIGRH	11	25	15	PASGPRHLMDPHIFMSNFNNGIGRHRTYLCYEVERLDNGT
HIFMSNFNNGIGRHR	12	26	15	PASGPRHLMDPHIFMSNFNNGIGRHRTYLCYEVERLDNGT
IFMSNFNNGIGRHRT	13	27	15	PASGPRHLMDPHIFMSNFNNGIGRHRTYLCYEVERLDNGT
FMSNFNNGIGRHRTY	14	28	15	PASGPRHLMDPHIFMSNFNNGIGRHRTYLCYEVERLDNGT
MSNFNNGIGRHRTYL	15	29	15	PASGPRHLMDPHIFMSNFNNGIGRHRTYLCYEVERLDNGT
SNFNNGIGRHRTYLC	16	30	15	PASGPRHLMDPHIFMSNFNNGIGRHRTYLCYEVERLDNGT
NFNNGIGRHRTYLCY	17	31	15	PASGPRHLMDPHIFMSNFNNGIGRHRTYLCYEVERLDNGT
FNNGIGRHRTYLCYE	18	32	15	PASGPRHLMDPHIFMSNFNNGIGRHRTYLCYEVERLDNGT
NNGIGRHRTYLCYEV	19	33	15	PASGPRHLMDPHIFMSNFNNGIGRHRTYLCYEVERLDNGT
NGIGRHRTYLCYEVE	20	34	15	PASGPRHLMDPHIFMSNFNNGIGRHRTYLCYEVERLDNGT
GIGRHRTYLCYEVER	21	35	15	PASGPRHLMDPHIFMSNFNNGIGRHRTYLCYEVERLDNGT
IGRHRTYLCYEVERL	22	36	15	PASGPRHLMDPHIFMSNFNNGIGRHRTYLCYEVERLDNGT
GRHRTYLCYEVERLD	23	37	15	PASGPRHLMDPHIFMSNFNNGIGRHRTYLCYEVERLDNGT
RHRTYLCYEVERLDN	24	38	15	PASGPRHLMDPHIFMSNFNNGIGRHRTYLCYEVERLDNGT
HRTYLCYEVERLDNG	25	39	15	PASGPRHLMDPHIFMSNFNNGIGRHRTYLCYEVERLDNGT
RTYLCYEVERLDNGT	26	40	15	PASGPRHLMDPHIFMSNFNNGIGRHRTYLCYEVERLDNGT
PASGPRHLMDPHIFR	1	15	15	PASGPRHLMDPHIFRSNFNNGIGRHRTYLCYEVERLDNGT
ASGPRHLMDPHIFRS	2	16	15	PASGPRHLMDPHIFRSNFNNGIGRHRTYLCYEVERLDNGT
SGPRHLMDPHIFRSN	3	17	15	PASGPRHLMDPHIFRSNFNNGIGRHRTYLCYEVERLDNGT
GPRHLMDPHIFRSNF	4	18	15	PASGPRHLMDPHIFRSNFNNGIGRHRTYLCYEVERLDNGT
PRHLMDPHIFRSNFN	5	19	15	PASGPRHLMDPHIFRSNFNNGIGRHRTYLCYEVERLDNGT
RHLMDPHIFRSNFNN	6	20	15	PASGPRHLMDPHIFRSNFNNGIGRHRTYLCYEVERLDNGT
HLMDPHIFRSNFNNG	7	21	15	PASGPRHLMDPHIFRSNFNNGIGRHRTYLCYEVERLDNGT
LMDPHIFRSNFNNGI	8	22	15	PASGPRHLMDPHIFRSNFNNGIGRHRTYLCYEVERLDNGT
MDPHIFRSNFNNGIG	9	23	15	PASGPRHLMDPHIFRSNFNNGIGRHRTYLCYEVERLDNGT
DPHIFRSNFNNGIGR	10	24	15	PASGPRHLMDPHIFRSNFNNGIGRHRTYLCYEVERLDNGT
PHIFRSNFNNGIGRH	11	25	15	PASGPRHLMDPHIFRSNFNNGIGRHRTYLCYEVERLDNGT
HIFRSNFNNGIGRHR	12	26	15	PASGPRHLMDPHIFRSNFNNGIGRHRTYLCYEVERLDNGT
IFRSNFNNGIGRHRT	13	27	15	PASGPRHLMDPHIFRSNFNNGIGRHRTYLCYEVERLDNGT
FRSNFNNGIGRHRTY	14	28	15	PASGPRHLMDPHIFRSNFNNGIGRHRTYLCYEVERLDNGT
RSNFNNGIGRHRTYL	15	29	15	PASGPRHLMDPHIFRSNFNNGIGRHRTYLCYEVERLDNGT
SNFNNGIGRHRTYLC	16	30	15	PASGPRHLMDPHIFRSNFNNGIGRHRTYLCYEVERLDNGT
NFNNGIGRHRTYLCY	17	31	15	PASGPRHLMDPHIFRSNFNNGIGRHRTYLCYEVERLDNGT
FNNGIGRHRTYLCYE	18	32	15	PASGPRHLMDPHIFRSNFNNGIGRHRTYLCYEVERLDNGT
NNGIGRHRTYLCYEV	19	33	15	PASGPRHLMDPHIFRSNFNNGIGRHRTYLCYEVERLDNGT
NGIGRHRTYLCYEVE	20	34	15	PASGPRHLMDPHIFRSNFNNGIGRHRTYLCYEVERLDNGT
GIGRHRTYLCYEVER	21	35	15	PASGPRHLMDPHIFRSNFNNGIGRHRTYLCYEVERLDNGT
IGRHRTYLCYEVERL	22	36	15	PASGPRHLMDPHIFRSNFNNGIGRHRTYLCYEVERLDNGT
GRHRTYLCYEVERLD	23	37	15	PASGPRHLMDPHIFRSNFNNGIGRHRTYLCYEVERLDNGT
RHRTYLCYEVERLDN	24	38	15	PASGPRHLMDPHIFRSNFNNGIGRHRTYLCYEVERLDNGT
HRTYLCYEVERLDNG	25	39	15	PASGPRHLMDPHIFRSNFNNGIGRHRTYLCYEVERLDNGT
RTYLCYEVERLDNGT	26	40	15	PASGPRHLMDPHIFRSNFNNGIGRHRTYLCYEVERLDNGT
PASGPRHLMDPHIFY	1	15	15	PASGPRHLMDPHIFYSNFNNGIGRHRTYLCYEVERLDNGT
ASGPRHLMDPHIFYS	2	16	15	PASGPRHLMDPHIFYSNFNNGIGRHRTYLCYEVERLDNGT
SGPRHLMDPHIFYSN	3	17	15	PASGPRHLMDPHIFYSNFNNGIGRHRTYLCYEVERLDNGT
GPRHLMDPHIFYSNF	4	18	15	PASGPRHLMDPHIFYSNFNNGIGRHRTYLCYEVERLDNGT
PRHLMDPHIFYSNFN	5	19	15	PASGPRHLMDPHIFYSNFNNGIGRHRTYLCYEVERLDNGT
RHLMDPHIFYSNFNN	6	20	15	PASGPRHLMDPHIFYSNFNNGIGRHRTYLCYEVERLDNGT
HLMDPHIFYSNFNNG	7	21	15	PASGPRHLMDPHIFYSNFNNGIGRHRTYLCYEVERLDNGT
LMDPHIFYSNFNNGI	8	22	15	PASGPRHLMDPHIFYSNFNNGIGRHRTYLCYEVERLDNGT
MDPHIFYSNFNNGIG	9	23	15	PASGPRHLMDPHIFYSNFNNGIGRHRTYLCYEVERLDNGT
DPHIFYSNFNNGIGR	10	24	15	PASGPRHLMDPHIFYSNFNNGIGRHRTYLCYEVERLDNGT
PHIFYSNFNNGIGRH	11	25	15	PASGPRHLMDPHIFYSNFNNGIGRHRTYLCYEVERLDNGT
HIFYSNFNNGIGRHR	12	26	15	PASGPRHLMDPHIFYSNFNNGIGRHRTYLCYEVERLDNGT
IFYSNFNNGIGRHRT	13	27	15	PASGPRHLMDPHIFYSNFNNGIGRHRTYLCYEVERLDNGT
FYSNFNNGIGRHRTY	14	28	15	PASGPRHLMDPHIFYSNFNNGIGRHRTYLCYEVERLDNGT
YSNFNNGIGRHRTYL	15	29	15	PASGPRHLMDPHIFYSNFNNGIGRHRTYLCYEVERLDNGT
SNFNNGIGRHRTYLC	16	30	15	PASGPRHLMDPHIFYSNFNNGIGRHRTYLCYEVERLDNGT
NFNNGIGRHRTYLCY	17	31	15	PASGPRHLMDPHIFYSNFNNGIGRHRTYLCYEVERLDNGT
FNNGIGRHRTYLCYE	18	32	15	PASGPRHLMDPHIFYSNFNNGIGRHRTYLCYEVERLDNGT
NNGIGRHRTYLCYEV	19	33	15	PASGPRHLMDPHIFYSNFNNGIGRHRTYLCYEVERLDNGT
NGIGRHRTYLCYEVE	20	34	15	PASGPRHLMDPHIFYSNFNNGIGRHRTYLCYEVERLDNGT
GIGRHRTYLCYEVER	21	35	15	PASGPRHLMDPHIFYSNFNNGIGRHRTYLCYEVERLDNGT
IGRHRTYLCYEVERL	22	36	15	PASGPRHLMDPHIFYSNFNNGIGRHRTYLCYEVERLDNGT
GRHRTYLCYEVERLD	23	37	15	PASGPRHLMDPHIFYSNFNNGIGRHRTYLCYEVERLDNGT
RHRTYLCYEVERLDN	24	38	15	PASGPRHLMDPHIFYSNFNNGIGRHRTYLCYEVERLDNGT
HRTYLCYEVERLDNG	25	39	15	PASGPRHLMDPHIFYSNFNNGIGRHRTYLCYEVERLDNGT
RTYLCYEVERLDNGT	26	40	15	PASGPRHLMDPHIFYSNFNNGIGRHRTYLCYEVERLDNGT
ASGPRHLMDPHIFTE	1	15	15	ASGPRHLMDPHIFTENFNNGIGRHRTYLCYEVERLDNGT
SGPRHLMDPHIFTEN	2	16	15	ASGPRHLMDPHIFTENFNNGIGRHRTYLCYEVERLDNGT
GPRHLMDPHIFTENF	3	17	15	ASGPRHLMDPHIFTENFNNGIGRHRTYLCYEVERLDNGT
PRHLMDPHIFTENFN	4	18	15	ASGPRHLMDPHIFTENFNNGIGRHRTYLCYEVERLDNGT
RHLMDPHIFTENFNN	5	19	15	ASGPRHLMDPHIFTENFNNGIGRHRTYLCYEVERLDNGT
HLMDPHIFTENFNNG	6	20	15	ASGPRHLMDPHIFTENFNNGIGRHRTYLCYEVERLDNGT
LMDPHIFTENFNNGI	7	21	15	ASGPRHLMDPHIFTENFNNGIGRHRTYLCYEVERLDNGT
MDPHIFTENFNNGIG	8	22	15	ASGPRHLMDPHIFTENFNNGIGRHRTYLCYEVERLDNGT
DPHIFTENFNNGIGR	9	23	15	ASGPRHLMDPHIFTENFNNGIGRHRTYLCYEVERLDNGT
PHIFTENFNNGIGRH	10	24	15	ASGPRHLMDPHIFTENFNNGIGRHRTYLCYEVERLDNGT
HIFTENFNNGIGRHR	11	25	15	ASGPRHLMDPHIFTENFNNGIGRHRTYLCYEVERLDNGT
IFTENFNNGIGRHRT	12	26	15	ASGPRHLMDPHIFTENFNNGIGRHRTYLCYEVERLDNGT
FTENFNNGIGRHRTY	13	27	15	ASGPRHLMDPHIFTENFNNGIGRHRTYLCYEVERLDNGT
TENFNNGIGRHRTYL	14	28	15	ASGPRHLMDPHIFTENFNNGIGRHRTYLCYEVERLDNGT
ENFNNGIGRHRTYLC	15	29	15	ASGPRHLMDPHIFTENFNNGIGRHRTYLCYEVERLDNGT
NFNNGIGRHRTYLCY	16	30	15	ASGPRHLMDPHIFTENFNNGIGRHRTYLCYEVERLDNGT
FNNGIGRHRTYLCYE	17	31	15	ASGPRHLMDPHIFTENFNNGIGRHRTYLCYEVERLDNGT
NNGIGRHRTYLCYEV	18	32	15	ASGPRHLMDPHIFTENFNNGIGRHRTYLCYEVERLDNGT
NGIGRHRTYLCYEVE	19	33	15	ASGPRHLMDPHIFTENFNNGIGRHRTYLCYEVERLDNGT
GIGRHRTYLCYEVER	20	34	15	ASGPRHLMDPHIFTENFNNGIGRHRTYLCYEVERLDNGT
IGRHRTYLCYEVERL	21	35	15	ASGPRHLMDPHIFTENFNNGIGRHRTYLCYEVERLDNGT
GRHRTYLCYEVERLD	22	36	15	ASGPRHLMDPHIFTENFNNGIGRHRTYLCYEVERLDNGT
RHRTYLCYEVERLDN	23	37	15	ASGPRHLMDPHIFTENFNNGIGRHRTYLCYEVERLDNGT
HRTYLCYEVERLDNG	24	38	15	ASGPRHLMDPHIFTENFNNGIGRHRTYLCYEVERLDNGT
RTYLCYEVERLDNGT	25	39	15	ASGPRHLMDPHIFTENFNNGIGRHRTYLCYEVERLDNGT
ASGPRHLMDPHIFTI	1	15	15	ASGPRHLMDPHIFTINFNNGIGRHRTYLCYEVERLDNGT
SGPRHLMDPHIFTIN	2	16	15	ASGPRHLMDPHIFTINFNNGIGRHRTYLCYEVERLDNGT
GPRHLMDPHIFTINF	3	17	15	ASGPRHLMDPHIFTINFNNGIGRHRTYLCYEVERLDNGT
PRHLMDPHIFTINFN	4	18	15	ASGPRHLMDPHIFTINFNNGIGRHRTYLCYEVERLDNGT
RHLMDPHIFTINFNN	5	19	15	ASGPRHLMDPHIFTINFNNGIGRHRTYLCYEVERLDNGT
HLMDPHIFTINFNNG	6	20	15	ASGPRHLMDPHIFTINFNNGIGRHRTYLCYEVERLDNGT
LMDPHIFTINFNNGI	7	21	15	ASGPRHLMDPHIFTINFNNGIGRHRTYLCYEVERLDNGT
MDPHIFTINFNNGIG	8	22	15	ASGPRHLMDPHIFTINFNNGIGRHRTYLCYEVERLDNGT
DPHIFTINFNNGIGR	9	23	15	ASGPRHLMDPHIFTINFNNGIGRHRTYLCYEVERLDNGT
PHIFTINFNNGIGRH	10	24	15	ASGPRHLMDPHIFTINFNNGIGRHRTYLCYEVERLDNGT
HIFTINFNNGIGRHR	11	25	15	ASGPRHLMDPHIFTINFNNGIGRHRTYLCYEVERLDNGT
IFTINFNNGIGRHRT	12	26	15	ASGPRHLMDPHIFTINFNNGIGRHRTYLCYEVERLDNGT
FTINFNNGIGRHRTY	13	27	15	ASGPRHLMDPHIFTINFNNGIGRHRTYLCYEVERLDNGT
TINFNNGIGRHRTYL	14	28	15	ASGPRHLMDPHIFTINFNNGIGRHRTYLCYEVERLDNGT
INFNNGIGRHRTYLC	15	29	15	ASGPRHLMDPHIFTINFNNGIGRHRTYLCYEVERLDNGT
NFNNGIGRHRTYLCY	16	30	15	ASGPRHLMDPHIFTINFNNGIGRHRTYLCYEVERLDNGT
FNNGIGRHRTYLCYE	17	31	15	ASGPRHLMDPHIFTINFNNGIGRHRTYLCYEVERLDNGT
NNGIGRHRTYLCYEV	18	32	15	ASGPRHLMDPHIFTINFNNGIGRHRTYLCYEVERLDNGT
NGIGRHRTYLCYEVE	19	33	15	ASGPRHLMDPHIFTINFNNGIGRHRTYLCYEVERLDNGT
GIGRHRTYLCYEVER	20	34	15	ASGPRHLMDPHIFTINFNNGIGRHRTYLCYEVERLDNGT
IGRHRTYLCYEVERL	21	35	15	ASGPRHLMDPHIFTINFNNGIGRHRTYLCYEVERLDNGT
GRHRTYLCYEVERLD	22	36	15	ASGPRHLMDPHIFTINFNNGIGRHRTYLCYEVERLDNGT
RHRTYLCYEVERLDN	23	37	15	ASGPRHLMDPHIFTINFNNGIGRHRTYLCYEVERLDNGT
HRTYLCYEVERLDNG	24	38	15	ASGPRHLMDPHIFTINFNNGIGRHRTYLCYEVERLDNGT
RTYLCYEVERLDNGT	25	39	15	ASGPRHLMDPHIFTINFNNGIGRHRTYLCYEVERLDNGT
ASGPRHLMDPHIFTN	1	15	15	ASGPRHLMDPHIFTNNFNNGIGRHRTYLCYEVERLDNGT
SGPRHLMDPHIFTNN	2	16	15	ASGPRHLMDPHIFTNNFNNGIGRHRTYLCYEVERLDNGT
GPRHLMDPHIFTNNF	3	17	15	ASGPRHLMDPHIFTNNFNNGIGRHRTYLCYEVERLDNGT
PRHLMDPHIFTNNFN	4	18	15	ASGPRHLMDPHIFTNNFNNGIGRHRTYLCYEVERLDNGT
RHLMDPHIFTNNFNN	5	19	15	ASGPRHLMDPHIFTNNFNNGIGRHRTYLCYEVERLDNGT
HLMDPHIFTNNFNNG	6	20	15	ASGPRHLMDPHIFTNNFNNGIGRHRTYLCYEVERLDNGT
LMDPHIFTNNFNNGI	7	21	15	ASGPRHLMDPHIFTNNFNNGIGRHRTYLCYEVERLDNGT
MDPHIFTNNFNNGIG	8	22	15	ASGPRHLMDPHIFTNNFNNGIGRHRTYLCYEVERLDNGT
DPHIFTNNFNNGIGR	9	23	15	ASGPRHLMDPHIFTNNFNNGIGRHRTYLCYEVERLDNGT
PHIFTNNFNNGIGRH	10	24	15	ASGPRHLMDPHIFTNNFNNGIGRHRTYLCYEVERLDNGT
HIFTNNFNNGIGRHR	11	25	15	ASGPRHLMDPHIFTNNFNNGIGRHRTYLCYEVERLDNGT
IFTNNFNNGIGRHRT	12	26	15	ASGPRHLMDPHIFTNNFNNGIGRHRTYLCYEVERLDNGT
FTNNFNNGIGRHRTY	13	27	15	ASGPRHLMDPHIFTNNFNNGIGRHRTYLCYEVERLDNGT
TNNFNNGIGRHRTYL	14	28	15	ASGPRHLMDPHIFTNNFNNGIGRHRTYLCYEVERLDNGT
NNFNNGIGRHRTYLC	15	29	15	ASGPRHLMDPHIFTNNFNNGIGRHRTYLCYEVERLDNGT
NFNNGIGRHRTYLCY	16	30	15	ASGPRHLMDPHIFTNNFNNGIGRHRTYLCYEVERLDNGT
FNNGIGRHRTYLCYE	17	31	15	ASGPRHLMDPHIFTNNFNNGIGRHRTYLCYEVERLDNGT
NNGIGRHRTYLCYEV	18	32	15	ASGPRHLMDPHIFTNNFNNGIGRHRTYLCYEVERLDNGT
NGIGRHRTYLCYEVE	19	33	15	ASGPRHLMDPHIFTNNFNNGIGRHRTYLCYEVERLDNGT
GIGRHRTYLCYEVER	20	34	15	ASGPRHLMDPHIFTNNFNNGIGRHRTYLCYEVERLDNGT
IGRHRTYLCYEVERL	21	35	15	ASGPRHLMDPHIFTNNFNNGIGRHRTYLCYEVERLDNGT
GRHRTYLCYEVERLD	22	36	15	ASGPRHLMDPHIFTNNFNNGIGRHRTYLCYEVERLDNGT
RHRTYLCYEVERLDN	23	37	15	ASGPRHLMDPHIFTNNFNNGIGRHRTYLCYEVERLDNGT
HRTYLCYEVERLDNG	24	38	15	ASGPRHLMDPHIFTNNFNNGIGRHRTYLCYEVERLDNGT
RTYLCYEVERLDNGT	25	39	15	ASGPRHLMDPHIFTNNFNNGIGRHRTYLCYEVERLDNGT
ASGPRHLMDPHIFTT	1	15	15	ASGPRHLMDPHIFTTNFNNGIGRHRTYLCYEVERLDNGT
SGPRHLMDPHIFTTN	2	16	15	ASGPRHLMDPHIFTTNFNNGIGRHRTYLCYEVERLDNGT
GPRHLMDPHIFTTNF	3	17	15	ASGPRHLMDPHIFTTNFNNGIGRHRTYLCYEVERLDNGT
PRHLMDPHIFTTNFN	4	18	15	ASGPRHLMDPHIFTTNFNNGIGRHRTYLCYEVERLDNGT
RHLMDPHIFTTNFNN	5	19	15	ASGPRHLMDPHIFTTNFNNGIGRHRTYLCYEVERLDNGT
HLMDPHIFTTNFNNG	6	20	15	ASGPRHLMDPHIFTTNFNNGIGRHRTYLCYEVERLDNGT
LMDPHIFTTNFNNGI	7	21	15	ASGPRHLMDPHIFTTNFNNGIGRHRTYLCYEVERLDNGT
MDPHIFTTNFNNGIG	8	22	15	ASGPRHLMDPHIFTTNFNNGIGRHRTYLCYEVERLDNGT
DPHIFTTNFNNGIGR	9	23	15	ASGPRHLMDPHIFTTNFNNGIGRHRTYLCYEVERLDNGT
PHIFTTNFNNGIGRH	10	24	15	ASGPRHLMDPHIFTTNFNNGIGRHRTYLCYEVERLDNGT
HIFTTNFNNGIGRHR	11	25	15	ASGPRHLMDPHIFTTNFNNGIGRHRTYLCYEVERLDNGT
IFTTNFNNGIGRHRT	12	26	15	ASGPRHLMDPHIFTTNFNNGIGRHRTYLCYEVERLDNGT
FTTNFNNGIGRHRTY	13	27	15	ASGPRHLMDPHIFTTNFNNGIGRHRTYLCYEVERLDNGT
TTNFNNGIGRHRTYL	14	28	15	ASGPRHLMDPHIFTTNFNNGIGRHRTYLCYEVERLDNGT
TNFNNGIGRHRTYLC	15	29	15	ASGPRHLMDPHIFTTNFNNGIGRHRTYLCYEVERLDNGT
NFNNGIGRHRTYLCY	16	30	15	ASGPRHLMDPHIFTTNFNNGIGRHRTYLCYEVERLDNGT
FNNGIGRHRTYLCYE	17	31	15	ASGPRHLMDPHIFTTNFNNGIGRHRTYLCYEVERLDNGT
NNGIGRHRTYLCYEV	18	32	15	ASGPRHLMDPHIFTTNFNNGIGRHRTYLCYEVERLDNGT
NGIGRHRTYLCYEVE	19	33	15	ASGPRHLMDPHIFTTNFNNGIGRHRTYLCYEVERLDNGT
GIGRHRTYLCYEVER	20	34	15	ASGPRHLMDPHIFTTNFNNGIGRHRTYLCYEVERLDNGT
IGRHRTYLCYEVERL	21	35	15	ASGPRHLMDPHIFTTNFNNGIGRHRTYLCYEVERLDNGT
GRHRTYLCYEVERLD	22	36	15	ASGPRHLMDPHIFTTNFNNGIGRHRTYLCYEVERLDNGT
RHRTYLCYEVERLDN	23	37	15	ASGPRHLMDPHIFTTNFNNGIGRHRTYLCYEVERLDNGT
HRTYLCYEVERLDNG	24	38	15	ASGPRHLMDPHIFTTNFNNGIGRHRTYLCYEVERLDNGT
RTYLCYEVERLDNGT	25	39	15	ASGPRHLMDPHIFTTNFNNGIGRHRTYLCYEVERLDNGT
SGPRHLMDPHIFTSA	1	15	15	SGPRHLMDPHIFTSAFNNGIGRHRTYLCYEVERLDNGT
GPRHLMDPHIFTSAF	2	16	15	SGPRHLMDPHIFTSAFNNGIGRHRTYLCYEVERLDNGT
PRHLMDPHIFTSAFN	3	17	15	SGPRHLMDPHIFTSAFNNGIGRHRTYLCYEVERLDNGT
RHLMDPHIFTSAFNN	4	18	15	SGPRHLMDPHIFTSAFNNGIGRHRTYLCYEVERLDNGT
HLMDPHIFTSAFNNG	5	19	15	SGPRHLMDPHIFTSAFNNGIGRHRTYLCYEVERLDNGT
LMDPHIFTSAFNNGI	6	20	15	SGPRHLMDPHIFTSAFNNGIGRHRTYLCYEVERLDNGT
MDPHIFTSAFNNGIG	7	21	15	SGPRHLMDPHIFTSAFNNGIGRHRTYLCYEVERLDNGT
DPHIFTSAFNNGIGR	8	22	15	SGPRHLMDPHIFTSAFNNGIGRHRTYLCYEVERLDNGT
PHIFTSAFNNGIGRH	9	23	15	SGPRHLMDPHIFTSAFNNGIGRHRTYLCYEVERLDNGT
HIFTSAFNNGIGRHR	10	24	15	SGPRHLMDPHIFTSAFNNGIGRHRTYLCYEVERLDNGT
IFTSAFNNGIGRHRT	11	25	15	SGPRHLMDPHIFTSAFNNGIGRHRTYLCYEVERLDNGT
FTSAFNNGIGRHRTY	12	26	15	SGPRHLMDPHIFTSAFNNGIGRHRTYLCYEVERLDNGT
TSAFNNGIGRHRTYL	13	27	15	SGPRHLMDPHIFTSAFNNGIGRHRTYLCYEVERLDNGT
SAFNNGIGRHRTYLC	14	28	15	SGPRHLMDPHIFTSAFNNGIGRHRTYLCYEVERLDNGT
AFNNGIGRHRTYLCY	15	29	15	SGPRHLMDPHIFTSAFNNGIGRHRTYLCYEVERLDNGT
FNNGIGRHRTYLCYE	16	30	15	SGPRHLMDPHIFTSAFNNGIGRHRTYLCYEVERLDNGT
NNGIGRHRTYLCYEV	17	31	15	SGPRHLMDPHIFTSAFNNGIGRHRTYLCYEVERLDNGT
NGIGRHRTYLCYEVE	18	32	15	SGPRHLMDPHIFTSAFNNGIGRHRTYLCYEVERLDNGT
GIGRHRTYLCYEVER	19	33	15	SGPRHLMDPHIFTSAFNNGIGRHRTYLCYEVERLDNGT
IGRHRTYLCYEVERL	20	34	15	SGPRHLMDPHIFTSAFNNGIGRHRTYLCYEVERLDNGT
GRHRTYLCYEVERLD	21	35	15	SGPRHLMDPHIFTSAFNNGIGRHRTYLCYEVERLDNGT
RHRTYLCYEVERLDN	22	36	15	SGPRHLMDPHIFTSAFNNGIGRHRTYLCYEVERLDNGT
HRTYLCYEVERLDNG	23	37	15	SGPRHLMDPHIFTSAFNNGIGRHRTYLCYEVERLDNGT
RTYLCYEVERLDNGT	24	38	15	SGPRHLMDPHIFTSAFNNGIGRHRTYLCYEVERLDNGT
SGPRHLMDPHIFTSF	1	15	15	SGPRHLMDPHIFTSFFNNGIGRHRTYLCYEVERLDNGT
GPRHLMDPHIFTSFF	2	16	15	SGPRHLMDPHIFTSFFNNGIGRHRTYLCYEVERLDNGT
PRHLMDPHIFTSFFN	3	17	15	SGPRHLMDPHIFTSFFNNGIGRHRTYLCYEVERLDNGT
RHLMDPHIFTSFFNN	4	18	15	SGPRHLMDPHIFTSFFNNGIGRHRTYLCYEVERLDNGT
HLMDPHIFTSFFNNG	5	19	15	SGPRHLMDPHIFTSFFNNGIGRHRTYLCYEVERLDNGT
LMDPHIFTSFFNNGI	6	20	15	SGPRHLMDPHIFTSFFNNGIGRHRTYLCYEVERLDNGT
MDPHIFTSFFNNGIG	7	21	15	SGPRHLMDPHIFTSFFNNGIGRHRTYLCYEVERLDNGT
DPHIFTSFFNNGIGR	8	22	15	SGPRHLMDPHIFTSFFNNGIGRHRTYLCYEVERLDNGT
PHIFTSFFNNGIGRH	9	23	15	SGPRHLMDPHIFTSFFNNGIGRHRTYLCYEVERLDNGT
HIFTSFFNNGIGRHR	10	24	15	SGPRHLMDPHIFTSFFNNGIGRHRTYLCYEVERLDNGT
IFTSFFNNGIGRHRT	11	25	15	SGPRHLMDPHIFTSFFNNGIGRHRTYLCYEVERLDNGT
FTSFFNNGIGRHRTY	12	26	15	SGPRHLMDPHIFTSFFNNGIGRHRTYLCYEVERLDNGT
TSFFNNGIGRHRTYL	13	27	15	SGPRHLMDPHIFTSFFNNGIGRHRTYLCYEVERLDNGT
SFFNNGIGRHRTYLC	14	28	15	SGPRHLMDPHIFTSFFNNGIGRHRTYLCYEVERLDNGT
FFNNGIGRHRTYLCY	15	29	15	SGPRHLMDPHIFTSFFNNGIGRHRTYLCYEVERLDNGT
FNNGIGRHRTYLCYE	16	30	15	SGPRHLMDPHIFTSFFNNGIGRHRTYLCYEVERLDNGT
NNGIGRHRTYLCYEV	17	31	15	SGPRHLMDPHIFTSFFNNGIGRHRTYLCYEVERLDNGT
NGIGRHRTYLCYEVE	18	32	15	SGPRHLMDPHIFTSFFNNGIGRHRTYLCYEVERLDNGT
GIGRHRTYLCYEVER	19	33	15	SGPRHLMDPHIFTSFFNNGIGRHRTYLCYEVERLDNGT
IGRHRTYLCYEVERL	20	34	15	SGPRHLMDPHIFTSFFNNGIGRHRTYLCYEVERLDNGT
GRHRTYLCYEVERLD	21	35	15	SGPRHLMDPHIFTSFFNNGIGRHRTYLCYEVERLDNGT
RHRTYLCYEVERLDN	22	36	15	SGPRHLMDPHIFTSFFNNGIGRHRTYLCYEVERLDNGT
HRTYLCYEVERLDNG	23	37	15	SGPRHLMDPHIFTSFFNNGIGRHRTYLCYEVERLDNGT
RTYLCYEVERLDNGT	24	38	15	SGPRHLMDPHIFTSFFNNGIGRHRTYLCYEVERLDNGT
SGPRHLMDPHIFTSK	1	15	15	SGPRHLMDPHIFTSKFNNGIGRHRTYLCYEVERLDNGT
GPRHLMDPHIFTSKF	2	16	15	SGPRHLMDPHIFTSKFNNGIGRHRTYLCYEVERLDNGT
PRHLMDPHIFTSKFN	3	17	15	SGPRHLMDPHIFTSKFNNGIGRHRTYLCYEVERLDNGT
RHLMDPHIFTSKFNN	4	18	15	SGPRHLMDPHIFTSKFNNGIGRHRTYLCYEVERLDNGT
HLMDPHIFTSKFNNG	5	19	15	SGPRHLMDPHIFTSKFNNGIGRHRTYLCYEVERLDNGT
LMDPHIFTSKFNNGI	6	20	15	SGPRHLMDPHIFTSKFNNGIGRHRTYLCYEVERLDNGT
MDPHIFTSKFNNGIG	7	21	15	SGPRHLMDPHIFTSKFNNGIGRHRTYLCYEVERLDNGT
DPHIFTSKFNNGIGR	8	22	15	SGPRHLMDPHIFTSKFNNGIGRHRTYLCYEVERLDNGT
PHIFTSKFNNGIGRH	9	23	15	SGPRHLMDPHIFTSKFNNGIGRHRTYLCYEVERLDNGT
HIFTSKFNNGIGRHR	10	24	15	SGPRHLMDPHIFTSKFNNGIGRHRTYLCYEVERLDNGT
IFTSKFNNGIGRHRT	11	25	15	SGPRHLMDPHIFTSKFNNGIGRHRTYLCYEVERLDNGT
FTSKFNNGIGRHRTY	12	26	15	SGPRHLMDPHIFTSKFNNGIGRHRTYLCYEVERLDNGT
TSKFNNGIGRHRTYL	13	27	15	SGPRHLMDPHIFTSKFNNGIGRHRTYLCYEVERLDNGT
SKFNNGIGRHRTYLC	14	28	15	SGPRHLMDPHIFTSKFNNGIGRHRTYLCYEVERLDNGT
KFNNGIGRHRTYLCY	15	29	15	SGPRHLMDPHIFTSKFNNGIGRHRTYLCYEVERLDNGT
FNNGIGRHRTYLCYE	16	30	15	SGPRHLMDPHIFTSKFNNGIGRHRTYLCYEVERLDNGT
NNGIGRHRTYLCYEV	17	31	15	SGPRHLMDPHIFTSKFNNGIGRHRTYLCYEVERLDNGT
NGIGRHRTYLCYEVE	18	32	15	SGPRHLMDPHIFTSKFNNGIGRHRTYLCYEVERLDNGT
GIGRHRTYLCYEVER	19	33	15	SGPRHLMDPHIFTSKFNNGIGRHRTYLCYEVERLDNGT
IGRHRTYLCYEVERL	20	34	15	SGPRHLMDPHIFTSKFNNGIGRHRTYLCYEVERLDNGT
GRHRTYLCYEVERLD	21	35	15	SGPRHLMDPHIFTSKFNNGIGRHRTYLCYEVERLDNGT
RHRTYLCYEVERLDN	22	36	15	SGPRHLMDPHIFTSKFNNGIGRHRTYLCYEVERLDNGT
HRTYLCYEVERLDNG	23	37	15	SGPRHLMDPHIFTSKFNNGIGRHRTYLCYEVERLDNGT
RTYLCYEVERLDNGT	24	38	15	SGPRHLMDPHIFTSKFNNGIGRHRTYLCYEVERLDNGT
PASGPRHLMDPHIFE	1	15	15	PASGPRHLMDPHIFESNFNNGIGRHRTYLCYEVERLDNGT
ASGPRHLMDPHIFES	2	16	15	PASGPRHLMDPHIFESNFNNGIGRHRTYLCYEVERLDNGT
SGPRHLMDPHIFESN	3	17	15	PASGPRHLMDPHIFESNFNNGIGRHRTYLCYEVERLDNGT
GPRHLMDPHIFESNF	4	18	15	PASGPRHLMDPHIFESNFNNGIGRHRTYLCYEVERLDNGT
PRHLMDPHIFESNFN	5	19	15	PASGPRHLMDPHIFESNFNNGIGRHRTYLCYEVERLDNGT
RHLMDPHIFESNFNN	6	20	15	PASGPRHLMDPHIFESNFNNGIGRHRTYLCYEVERLDNGT
HLMDPHIFESNFNNG	7	21	15	PASGPRHLMDPHIFESNFNNGIGRHRTYLCYEVERLDNGT
LMDPHIFESNFNNGI	8	22	15	PASGPRHLMDPHIFESNFNNGIGRHRTYLCYEVERLDNGT
MDPHIFESNFNNGIG	9	23	15	PASGPRHLMDPHIFESNFNNGIGRHRTYLCYEVERLDNGT
DPHIFESNFNNGIGR	10	24	15	PASGPRHLMDPHIFESNFNNGIGRHRTYLCYEVERLDNGT
PHIFESNFNNGIGRH	11	25	15	PASGPRHLMDPHIFESNFNNGIGRHRTYLCYEVERLDNGT
HIFESNFNNGIGRHR	12	26	15	PASGPRHLMDPHIFESNFNNGIGRHRTYLCYEVERLDNGT
IFESNFNNGIGRHRT	13	27	15	PASGPRHLMDPHIFESNFNNGIGRHRTYLCYEVERLDNGT
FESNFNNGIGRHRTY	14	28	15	PASGPRHLMDPHIFESNFNNGIGRHRTYLCYEVERLDNGT
ESNFNNGIGRHRTYL	15	29	15	PASGPRHLMDPHIFESNFNNGIGRHRTYLCYEVERLDNGT
SNFNNGIGRHRTYLC	16	30	15	PASGPRHLMDPHIFESNFNNGIGRHRTYLCYEVERLDNGT
NFNNGIGRHRTYLCY	17	31	15	PASGPRHLMDPHIFESNFNNGIGRHRTYLCYEVERLDNGT
FNNGIGRHRTYLCYE	18	32	15	PASGPRHLMDPHIFESNFNNGIGRHRTYLCYEVERLDNGT
NNGIGRHRTYLCYEV	19	33	15	PASGPRHLMDPHIFESNFNNGIGRHRTYLCYEVERLDNGT
NGIGRHRTYLCYEVE	20	34	15	PASGPRHLMDPHIFESNFNNGIGRHRTYLCYEVERLDNGT
GIGRHRTYLCYEVER	21	35	15	PASGPRHLMDPHIFESNFNNGIGRHRTYLCYEVERLDNGT
IGRHRTYLCYEVERL	22	36	15	PASGPRHLMDPHIFESNFNNGIGRHRTYLCYEVERLDNGT
GRHRTYLCYEVERLD	23	37	15	PASGPRHLMDPHIFESNFNNGIGRHRTYLCYEVERLDNGT
RHRTYLCYEVERLDN	24	38	15	PASGPRHLMDPHIFESNFNNGIGRHRTYLCYEVERLDNGT
HRTYLCYEVERLDNG	25	39	15	PASGPRHLMDPHIFESNFNNGIGRHRTYLCYEVERLDNGT
RTYLCYEVERLDNGT	26	40	15	PASGPRHLMDPHIFESNFNNGIGRHRTYLCYEVERLDNGT
PASGPRHLMDPHIFI	1	15	15	PASGPRHLMDPHIFISNFNNGIGRHRTYLCYEVERLDNGT
ASGPRHLMDPHIFIS	2	16	15	PASGPRHLMDPHIFISNFNNGIGRHRTYLCYEVERLDNGT
SGPRHLMDPHIFISN	3	17	15	PASGPRHLMDPHIFISNFNNGIGRHRTYLCYEVERLDNGT
GPRHLMDPHIFISNF	4	18	15	PASGPRHLMDPHIFISNFNNGIGRHRTYLCYEVERLDNGT
PRHLMDPHIFISNFN	5	19	15	PASGPRHLMDPHIFISNFNNGIGRHRTYLCYEVERLDNGT
RHLMDPHIFISNFNN	6	20	15	PASGPRHLMDPHIFISNFNNGIGRHRTYLCYEVERLDNGT
HLMDPHIFISNFNNG	7	21	15	PASGPRHLMDPHIFISNFNNGIGRHRTYLCYEVERLDNGT
LMDPHIFISNFNNGI	8	22	15	PASGPRHLMDPHIFISNFNNGIGRHRTYLCYEVERLDNGT
MDPHIFISNFNNGIG	9	23	15	PASGPRHLMDPHIFISNFNNGIGRHRTYLCYEVERLDNGT
DPHIFISNFNNGIGR	10	24	15	PASGPRHLMDPHIFISNFNNGIGRHRTYLCYEVERLDNGT
PHIFISNFNNGIGRH	11	25	15	PASGPRHLMDPHIFISNFNNGIGRHRTYLCYEVERLDNGT
HIFISNFNNGIGRHR	12	26	15	PASGPRHLMDPHIFISNFNNGIGRHRTYLCYEVERLDNGT
IFISNFNNGIGRHRT	13	27	15	PASGPRHLMDPHIFISNFNNGIGRHRTYLCYEVERLDNGT
FISNFNNGIGRHRTY	14	28	15	PASGPRHLMDPHIFISNFNNGIGRHRTYLCYEVERLDNGT
ISNFNNGIGRHRTYL	15	29	15	PASGPRHLMDPHIFISNFNNGIGRHRTYLCYEVERLDNGT
SNFNNGIGRHRTYLC	16	30	15	PASGPRHLMDPHIFISNFNNGIGRHRTYLCYEVERLDNGT
NFNNGIGRHRTYLCY	17	31	15	PASGPRHLMDPHIFISNFNNGIGRHRTYLCYEVERLDNGT
FNNGIGRHRTYLCYE	18	32	15	PASGPRHLMDPHIFISNFNNGIGRHRTYLCYEVERLDNGT
NNGIGRHRTYLCYEV	19	33	15	PASGPRHLMDPHIFISNFNNGIGRHRTYLCYEVERLDNGT
NGIGRHRTYLCYEVE	20	34	15	PASGPRHLMDPHIFISNFNNGIGRHRTYLCYEVERLDNGT
GIGRHRTYLCYEVER	21	35	15	PASGPRHLMDPHIFISNFNNGIGRHRTYLCYEVERLDNGT
IGRHRTYLCYEVERL	22	36	15	PASGPRHLMDPHIFISNFNNGIGRHRTYLCYEVERLDNGT
GRHRTYLCYEVERLD	23	37	15	PASGPRHLMDPHIFISNFNNGIGRHRTYLCYEVERLDNGT
RHRTYLCYEVERLDN	24	38	15	PASGPRHLMDPHIFISNFNNGIGRHRTYLCYEVERLDNGT
HRTYLCYEVERLDNG	25	39	15	PASGPRHLMDPHIFISNFNNGIGRHRTYLCYEVERLDNGT
RTYLCYEVERLDNGT	26	40	15	PASGPRHLMDPHIFISNFNNGIGRHRTYLCYEVERLDNGT
PASGPRHLMDPHIFN	1	15	15	PASGPRHLMDPHIFNSNFNNGIGRHRTYLCYEVERLDNGT
ASGPRHLMDPHIFNS	2	16	15	PASGPRHLMDPHIFNSNFNNGIGRHRTYLCYEVERLDNGT
SGPRHLMDPHIFNSN	3	17	15	PASGPRHLMDPHIFNSNFNNGIGRHRTYLCYEVERLDNGT
GPRHLMDPHIFNSNF	4	18	15	PASGPRHLMDPHIFNSNFNNGIGRHRTYLCYEVERLDNGT
PRHLMDPHIFNSNFN	5	19	15	PASGPRHLMDPHIFNSNFNNGIGRHRTYLCYEVERLDNGT
RHLMDPHIFNSNFNN	6	20	15	PASGPRHLMDPHIFNSNFNNGIGRHRTYLCYEVERLDNGT
HLMDPHIFNSNFNNG	7	21	15	PASGPRHLMDPHIFNSNFNNGIGRHRTYLCYEVERLDNGT
LMDPHIFNSNFNNGI	8	22	15	PASGPRHLMDPHIFNSNFNNGIGRHRTYLCYEVERLDNGT
MDPHIFNSNFNNGIG	9	23	15	PASGPRHLMDPHIFNSNFNNGIGRHRTYLCYEVERLDNGT
DPHIFNSNFNNGIGR	10	24	15	PASGPRHLMDPHIFNSNFNNGIGRHRTYLCYEVERLDNGT
PHIFNSNFNNGIGRH	11	25	15	PASGPRHLMDPHIFNSNFNNGIGRHRTYLCYEVERLDNGT
HIFNSNFNNGIGRHR	12	26	15	PASGPRHLMDPHIFNSNFNNGIGRHRTYLCYEVERLDNGT
IFNSNFNNGIGRHRT	13	27	15	PASGPRHLMDPHIFNSNFNNGIGRHRTYLCYEVERLDNGT
FNSNFNNGIGRHRTY	14	28	15	PASGPRHLMDPHIFNSNFNNGIGRHRTYLCYEVERLDNGT
NSNFNNGIGRHRTYL	15	29	15	PASGPRHLMDPHIFNSNFNNGIGRHRTYLCYEVERLDNGT
SNFNNGIGRHRTYLC	16	30	15	PASGPRHLMDPHIFNSNFNNGIGRHRTYLCYEVERLDNGT
NFNNGIGRHRTYLCY	17	31	15	PASGPRHLMDPHIFNSNFNNGIGRHRTYLCYEVERLDNGT
FNNGIGRHRTYLCYE	18	32	15	PASGPRHLMDPHIFNSNFNNGIGRHRTYLCYEVERLDNGT
NNGIGRHRTYLCYEV	19	33	15	PASGPRHLMDPHIFNSNFNNGIGRHRTYLCYEVERLDNGT
NGIGRHRTYLCYEVE	20	34	15	PASGPRHLMDPHIFNSNFNNGIGRHRTYLCYEVERLDNGT
GIGRHRTYLCYEVER	21	35	15	PASGPRHLMDPHIFNSNFNNGIGRHRTYLCYEVERLDNGT
IGRHRTYLCYEVERL	22	36	15	PASGPRHLMDPHIFNSNFNNGIGRHRTYLCYEVERLDNGT
GRHRTYLCYEVERLD	23	37	15	PASGPRHLMDPHIFNSNFNNGIGRHRTYLCYEVERLDNGT
RHRTYLCYEVERLDN	24	38	15	PASGPRHLMDPHIFNSNFNNGIGRHRTYLCYEVERLDNGT
HRTYLCYEVERLDNG	25	39	15	PASGPRHLMDPHIFNSNFNNGIGRHRTYLCYEVERLDNGT
RTYLCYEVERLDNGT	26	40	15	PASGPRHLMDPHIFNSNFNNGIGRHRTYLCYEVERLDNGT
PASGPRHLMDPHIFS	1	15	15	PASGPRHLMDPHIFSSNFNNGIGRHRTYLCYEVERLDNGT
ASGPRHLMDPHIFSS	2	16	15	PASGPRHLMDPHIFSSNFNNGIGRHRTYLCYEVERLDNGT
SGPRHLMDPHIFSSN	3	17	15	PASGPRHLMDPHIFSSNFNNGIGRHRTYLCYEVERLDNGT
GPRHLMDPHIFSSNF	4	18	15	PASGPRHLMDPHIFSSNFNNGIGRHRTYLCYEVERLDNGT
PRHLMDPHIFSSNFN	5	19	15	PASGPRHLMDPHIFSSNFNNGIGRHRTYLCYEVERLDNGT
RHLMDPHIFSSNFNN	6	20	15	PASGPRHLMDPHIFSSNFNNGIGRHRTYLCYEVERLDNGT
HLMDPHIFSSNFNNG	7	21	15	PASGPRHLMDPHIFSSNFNNGIGRHRTYLCYEVERLDNGT
LMDPHIFSSNFNNGI	8	22	15	PASGPRHLMDPHIFSSNFNNGIGRHRTYLCYEVERLDNGT
MDPHIFSSNFNNGIG	9	23	15	PASGPRHLMDPHIFSSNFNNGIGRHRTYLCYEVERLDNGT
DPHIFSSNFNNGIGR	10	24	15	PASGPRHLMDPHIFSSNFNNGIGRHRTYLCYEVERLDNGT
PHIFSSNFNNGIGRH	11	25	15	PASGPRHLMDPHIFSSNFNNGIGRHRTYLCYEVERLDNGT
HIFSSNFNNGIGRHR	12	26	15	PASGPRHLMDPHIFSSNFNNGIGRHRTYLCYEVERLDNGT
IFSSNFNNGIGRHRT	13	27	15	PASGPRHLMDPHIFSSNFNNGIGRHRTYLCYEVERLDNGT
FSSNFNNGIGRHRTY	14	28	15	PASGPRHLMDPHIFSSNFNNGIGRHRTYLCYEVERLDNGT
SSNFNNGIGRHRTYL	15	29	15	PASGPRHLMDPHIFSSNFNNGIGRHRTYLCYEVERLDNGT
SNFNNGIGRHRTYLC	16	30	15	PASGPRHLMDPHIFSSNFNNGIGRHRTYLCYEVERLDNGT
NFNNGIGRHRTYLCY	17	31	15	PASGPRHLMDPHIFSSNFNNGIGRHRTYLCYEVERLDNGT
FNNGIGRHRTYLCYE	18	32	15	PASGPRHLMDPHIFSSNFNNGIGRHRTYLCYEVERLDNGT
NNGIGRHRTYLCYEV	19	33	15	PASGPRHLMDPHIFSSNFNNGIGRHRTYLCYEVERLDNGT
NGIGRHRTYLCYEVE	20	34	15	PASGPRHLMDPHIFSSNFNNGIGRHRTYLCYEVERLDNGT
GIGRHRTYLCYEVER	21	35	15	PASGPRHLMDPHIFSSNFNNGIGRHRTYLCYEVERLDNGT
IGRHRTYLCYEVERL	22	36	15	PASGPRHLMDPHIFSSNFNNGIGRHRTYLCYEVERLDNGT
GRHRTYLCYEVERLD	23	37	15	PASGPRHLMDPHIFSSNFNNGIGRHRTYLCYEVERLDNGT
RHRTYLCYEVERLDN	24	38	15	PASGPRHLMDPHIFSSNFNNGIGRHRTYLCYEVERLDNGT
HRTYLCYEVERLDNG	25	39	15	PASGPRHLMDPHIFSSNFNNGIGRHRTYLCYEVERLDNGT
RTYLCYEVERLDNGT	26	40	15	PASGPRHLMDPHIFSSNFNNGIGRHRTYLCYEVERLDNGT
ASGPRHLMDPHIFTA	1	15	15	ASGPRHLMDPHIFTANFNNGIGRHRTYLCYEVERLDNGT
SGPRHLMDPHIFTAN	2	16	15	ASGPRHLMDPHIFTANFNNGIGRHRTYLCYEVERLDNGT
GPRHLMDPHIFTANF	3	17	15	ASGPRHLMDPHIFTANFNNGIGRHRTYLCYEVERLDNGT
PRHLMDPHIFTANFN	4	18	15	ASGPRHLMDPHIFTANFNNGIGRHRTYLCYEVERLDNGT
RHLMDPHIFTANFNN	5	19	15	ASGPRHLMDPHIFTANFNNGIGRHRTYLCYEVERLDNGT
HLMDPHIFTANFNNG	6	20	15	ASGPRHLMDPHIFTANFNNGIGRHRTYLCYEVERLDNGT
LMDPHIFTANFNNGI	7	21	15	ASGPRHLMDPHIFTANFNNGIGRHRTYLCYEVERLDNGT
MDPHIFTANFNNGIG	8	22	15	ASGPRHLMDPHIFTANFNNGIGRHRTYLCYEVERLDNGT
DPHIFTANFNNGIGR	9	23	15	ASGPRHLMDPHIFTANFNNGIGRHRTYLCYEVERLDNGT
PHIFTANFNNGIGRH	10	24	15	ASGPRHLMDPHIFTANFNNGIGRHRTYLCYEVERLDNGT
HIFTANFNNGIGRHR	11	25	15	ASGPRHLMDPHIFTANFNNGIGRHRTYLCYEVERLDNGT
IFTANFNNGIGRHRT	12	26	15	ASGPRHLMDPHIFTANFNNGIGRHRTYLCYEVERLDNGT
FTANFNNGIGRHRTY	13	27	15	ASGPRHLMDPHIFTANFNNGIGRHRTYLCYEVERLDNGT
TANFNNGIGRHRTYL	14	28	15	ASGPRHLMDPHIFTANFNNGIGRHRTYLCYEVERLDNGT
ANFNNGIGRHRTYLC	15	29	15	ASGPRHLMDPHIFTANFNNGIGRHRTYLCYEVERLDNGT
NFNNGIGRHRTYLCY	16	30	15	ASGPRHLMDPHIFTANFNNGIGRHRTYLCYEVERLDNGT
FNNGIGRHRTYLCYE	17	31	15	ASGPRHLMDPHIFTANFNNGIGRHRTYLCYEVERLDNGT
NNGIGRHRTYLCYEV	18	32	15	ASGPRHLMDPHIFTANFNNGIGRHRTYLCYEVERLDNGT
NGIGRHRTYLCYEVE	19	33	15	ASGPRHLMDPHIFTANFNNGIGRHRTYLCYEVERLDNGT
GIGRHRTYLCYEVER	20	34	15	ASGPRHLMDPHIFTANFNNGIGRHRTYLCYEVERLDNGT
IGRHRTYLCYEVERL	21	35	15	ASGPRHLMDPHIFTANFNNGIGRHRTYLCYEVERLDNGT
GRHRTYLCYEVERLD	22	36	15	ASGPRHLMDPHIFTANFNNGIGRHRTYLCYEVERLDNGT
RHRTYLCYEVERLDN	23	37	15	ASGPRHLMDPHIFTANFNNGIGRHRTYLCYEVERLDNGT
HRTYLCYEVERLDNG	24	38	15	ASGPRHLMDPHIFTANFNNGIGRHRTYLCYEVERLDNGT
RTYLCYEVERLDNGT	25	39	15	ASGPRHLMDPHIFTANFNNGIGRHRTYLCYEVERLDNGT
ASGPRHLMDPHIFTF	1	15	15	ASGPRHLMDPHIFTFNFNNGIGRHRTYLCYEVERLDNGT
SGPRHLMDPHIFTFN	2	16	15	ASGPRHLMDPHIFTFNFNNGIGRHRTYLCYEVERLDNGT
GPRHLMDPHIFTFNF	3	17	15	ASGPRHLMDPHIFTFNFNNGIGRHRTYLCYEVERLDNGT
PRHLMDPHIFTFNFN	4	18	15	ASGPRHLMDPHIFTFNFNNGIGRHRTYLCYEVERLDNGT
RHLMDPHIFTFNFNN	5	19	15	ASGPRHLMDPHIFTFNFNNGIGRHRTYLCYEVERLDNGT
HLMDPHIFTFNFNNG	6	20	15	ASGPRHLMDPHIFTFNFNNGIGRHRTYLCYEVERLDNGT
LMDPHIFTFNFNNGI	7	21	15	ASGPRHLMDPHIFTFNFNNGIGRHRTYLCYEVERLDNGT
MDPHIFTFNFNNGIG	8	22	15	ASGPRHLMDPHIFTFNFNNGIGRHRTYLCYEVERLDNGT
DPHIFTFNFNNGIGR	9	23	15	ASGPRHLMDPHIFTFNFNNGIGRHRTYLCYEVERLDNGT
PHIFTFNFNNGIGRH	10	24	15	ASGPRHLMDPHIFTFNFNNGIGRHRTYLCYEVERLDNGT
HIFTFNFNNGIGRHR	11	25	15	ASGPRHLMDPHIFTFNFNNGIGRHRTYLCYEVERLDNGT
IFTFNFNNGIGRHRT	12	26	15	ASGPRHLMDPHIFTFNFNNGIGRHRTYLCYEVERLDNGT
FTFNFNNGIGRHRTY	13	27	15	ASGPRHLMDPHIFTFNFNNGIGRHRTYLCYEVERLDNGT
TFNFNNGIGRHRTYL	14	28	15	ASGPRHLMDPHIFTFNFNNGIGRHRTYLCYEVERLDNGT
FNFNNGIGRHRTYLC	15	29	15	ASGPRHLMDPHIFTFNFNNGIGRHRTYLCYEVERLDNGT
NFNNGIGRHRTYLCY	16	30	15	ASGPRHLMDPHIFTFNFNNGIGRHRTYLCYEVERLDNGT
FNNGIGRHRTYLCYE	17	31	15	ASGPRHLMDPHIFTFNFNNGIGRHRTYLCYEVERLDNGT
NNGIGRHRTYLCYEV	18	32	15	ASGPRHLMDPHIFTFNFNNGIGRHRTYLCYEVERLDNGT
NGIGRHRTYLCYEVE	19	33	15	ASGPRHLMDPHIFTFNFNNGIGRHRTYLCYEVERLDNGT
GIGRHRTYLCYEVER	20	34	15	ASGPRHLMDPHIFTFNFNNGIGRHRTYLCYEVERLDNGT
IGRHRTYLCYEVERL	21	35	15	ASGPRHLMDPHIFTFNFNNGIGRHRTYLCYEVERLDNGT
GRHRTYLCYEVERLD	22	36	15	ASGPRHLMDPHIFTFNFNNGIGRHRTYLCYEVERLDNGT
RHRTYLCYEVERLDN	23	37	15	ASGPRHLMDPHIFTFNFNNGIGRHRTYLCYEVERLDNGT
HRTYLCYEVERLDNG	24	38	15	ASGPRHLMDPHIFTFNFNNGIGRHRTYLCYEVERLDNGT
RTYLCYEVERLDNGT	25	39	15	ASGPRHLMDPHIFTFNFNNGIGRHRTYLCYEVERLDNGT
ASGPRHLMDPHIFTK	1	15	15	ASGPRHLMDPHIFTKNFNNGIGRHRTYLCYEVERLDNGT
SGPRHLMDPHIFTKN	2	16	15	ASGPRHLMDPHIFTKNFNNGIGRHRTYLCYEVERLDNGT
GPRHLMDPHIFTKNF	3	17	15	ASGPRHLMDPHIFTKNFNNGIGRHRTYLCYEVERLDNGT
PRHLMDPHIFTKNFN	4	18	15	ASGPRHLMDPHIFTKNFNNGIGRHRTYLCYEVERLDNGT
RHLMDPHIFTKNFNN	5	19	15	ASGPRHLMDPHIFTKNFNNGIGRHRTYLCYEVERLDNGT
HLMDPHIFTKNFNNG	6	20	15	ASGPRHLMDPHIFTKNFNNGIGRHRTYLCYEVERLDNGT
LMDPHIFTKNFNNGI	7	21	15	ASGPRHLMDPHIFTKNFNNGIGRHRTYLCYEVERLDNGT
MDPHIFTKNFNNGIG	8	22	15	ASGPRHLMDPHIFTKNFNNGIGRHRTYLCYEVERLDNGT
DPHIFTKNFNNGIGR	9	23	15	ASGPRHLMDPHIFTKNFNNGIGRHRTYLCYEVERLDNGT
PHIFTKNFNNGIGRH	10	24	15	ASGPRHLMDPHIFTKNFNNGIGRHRTYLCYEVERLDNGT
HIFTKNFNNGIGRHR	11	25	15	ASGPRHLMDPHIFTKNFNNGIGRHRTYLCYEVERLDNGT
IFTKNFNNGIGRHRT	12	26	15	ASGPRHLMDPHIFTKNFNNGIGRHRTYLCYEVERLDNGT
FTKNFNNGIGRHRTY	13	27	15	ASGPRHLMDPHIFTKNFNNGIGRHRTYLCYEVERLDNGT
TKNFNNGIGRHRTYL	14	28	15	ASGPRHLMDPHIFTKNFNNGIGRHRTYLCYEVERLDNGT
KNFNNGIGRHRTYLC	15	29	15	ASGPRHLMDPHIFTKNFNNGIGRHRTYLCYEVERLDNGT
NFNNGIGRHRTYLCY	16	30	15	ASGPRHLMDPHIFTKNFNNGIGRHRTYLCYEVERLDNGT
FNNGIGRHRTYLCYE	17	31	15	ASGPRHLMDPHIFTKNFNNGIGRHRTYLCYEVERLDNGT
NNGIGRHRTYLCYEV	18	32	15	ASGPRHLMDPHIFTKNFNNGIGRHRTYLCYEVERLDNGT
NGIGRHRTYLCYEVE	19	33	15	ASGPRHLMDPHIFTKNFNNGIGRHRTYLCYEVERLDNGT
GIGRHRTYLCYEVER	20	34	15	ASGPRHLMDPHIFTKNFNNGIGRHRTYLCYEVERLDNGT
IGRHRTYLCYEVERL	21	35	15	ASGPRHLMDPHIFTKNFNNGIGRHRTYLCYEVERLDNGT
GRHRTYLCYEVERLD	22	36	15	ASGPRHLMDPHIFTKNFNNGIGRHRTYLCYEVERLDNGT
RHRTYLCYEVERLDN	23	37	15	ASGPRHLMDPHIFTKNFNNGIGRHRTYLCYEVERLDNGT
HRTYLCYEVERLDNG	24	38	15	ASGPRHLMDPHIFTKNFNNGIGRHRTYLCYEVERLDNGT
RTYLCYEVERLDNGT	25	39	15	ASGPRHLMDPHIFTKNFNNGIGRHRTYLCYEVERLDNGT
ASGPRHLMDPHIFTP	1	15	15	ASGPRHLMDPHIFTPNFNNGIGRHRTYLCYEVERLDNGT
SGPRHLMDPHIFTPN	2	16	15	ASGPRHLMDPHIFTPNFNNGIGRHRTYLCYEVERLDNGT
GPRHLMDPHIFTPNF	3	17	15	ASGPRHLMDPHIFTPNFNNGIGRHRTYLCYEVERLDNGT
PRHLMDPHIFTPNFN	4	18	15	ASGPRHLMDPHIFTPNFNNGIGRHRTYLCYEVERLDNGT
RHLMDPHIFTPNFNN	5	19	15	ASGPRHLMDPHIFTPNFNNGIGRHRTYLCYEVERLDNGT
HLMDPHIFTPNFNNG	6	20	15	ASGPRHLMDPHIFTPNFNNGIGRHRTYLCYEVERLDNGT
LMDPHIFTPNFNNGI	7	21	15	ASGPRHLMDPHIFTPNFNNGIGRHRTYLCYEVERLDNGT
MDPHIFTPNFNNGIG	8	22	15	ASGPRHLMDPHIFTPNFNNGIGRHRTYLCYEVERLDNGT
DPHIFTPNFNNGIGR	9	23	15	ASGPRHLMDPHIFTPNFNNGIGRHRTYLCYEVERLDNGT
PHIFTPNFNNGIGRH	10	24	15	ASGPRHLMDPHIFTPNFNNGIGRHRTYLCYEVERLDNGT
HIFTPNFNNGIGRHR	11	25	15	ASGPRHLMDPHIFTPNFNNGIGRHRTYLCYEVERLDNGT
IFTPNFNNGIGRHRT	12	26	15	ASGPRHLMDPHIFTPNFNNGIGRHRTYLCYEVERLDNGT
FTPNFNNGIGRHRTY	13	27	15	ASGPRHLMDPHIFTPNFNNGIGRHRTYLCYEVERLDNGT
TPNFNNGIGRHRTYL	14	28	15	ASGPRHLMDPHIFTPNFNNGIGRHRTYLCYEVERLDNGT
PNFNNGIGRHRTYLC	15	29	15	ASGPRHLMDPHIFTPNFNNGIGRHRTYLCYEVERLDNGT
NFNNGIGRHRTYLCY	16	30	15	ASGPRHLMDPHIFTPNFNNGIGRHRTYLCYEVERLDNGT
FNNGIGRHRTYLCYE	17	31	15	ASGPRHLMDPHIFTPNFNNGIGRHRTYLCYEVERLDNGT
NNGIGRHRTYLCYEV	18	32	15	ASGPRHLMDPHIFTPNFNNGIGRHRTYLCYEVERLDNGT
NGIGRHRTYLCYEVE	19	33	15	ASGPRHLMDPHIFTPNFNNGIGRHRTYLCYEVERLDNGT
GIGRHRTYLCYEVER	20	34	15	ASGPRHLMDPHIFTPNFNNGIGRHRTYLCYEVERLDNGT
IGRHRTYLCYEVERL	21	35	15	ASGPRHLMDPHIFTPNFNNGIGRHRTYLCYEVERLDNGT
GRHRTYLCYEVERLD	22	36	15	ASGPRHLMDPHIFTPNFNNGIGRHRTYLCYEVERLDNGT
RHRTYLCYEVERLDN	23	37	15	ASGPRHLMDPHIFTPNFNNGIGRHRTYLCYEVERLDNGT
HRTYLCYEVERLDNG	24	38	15	ASGPRHLMDPHIFTPNFNNGIGRHRTYLCYEVERLDNGT
RTYLCYEVERLDNGT	25	39	15	ASGPRHLMDPHIFTPNFNNGIGRHRTYLCYEVERLDNGT
ASGPRHLMDPHIFTV	1	15	15	ASGPRHLMDPHIFTVNFNNGIGRHRTYLCYEVERLDNGT
SGPRHLMDPHIFTVN	2	16	15	ASGPRHLMDPHIFTVNFNNGIGRHRTYLCYEVERLDNGT
GPRHLMDPHIFTVNF	3	17	15	ASGPRHLMDPHIFTVNFNNGIGRHRTYLCYEVERLDNGT
PRHLMDPHIFTVNFN	4	18	15	ASGPRHLMDPHIFTVNFNNGIGRHRTYLCYEVERLDNGT
RHLMDPHIFTVNFNN	5	19	15	ASGPRHLMDPHIFTVNFNNGIGRHRTYLCYEVERLDNGT
HLMDPHIFTVNFNNG	6	20	15	ASGPRHLMDPHIFTVNFNNGIGRHRTYLCYEVERLDNGT
LMDPHIFTVNFNNGI	7	21	15	ASGPRHLMDPHIFTVNFNNGIGRHRTYLCYEVERLDNGT
MDPHIFTVNFNNGIG	8	22	15	ASGPRHLMDPHIFTVNFNNGIGRHRTYLCYEVERLDNGT
DPHIFTVNFNNGIGR	9	23	15	ASGPRHLMDPHIFTVNFNNGIGRHRTYLCYEVERLDNGT
PHIFTVNFNNGIGRH	10	24	15	ASGPRHLMDPHIFTVNFNNGIGRHRTYLCYEVERLDNGT
HIFTVNFNNGIGRHR	11	25	15	ASGPRHLMDPHIFTVNFNNGIGRHRTYLCYEVERLDNGT
IFTVNFNNGIGRHRT	12	26	15	ASGPRHLMDPHIFTVNFNNGIGRHRTYLCYEVERLDNGT
FTVNFNNGIGRHRTY	13	27	15	ASGPRHLMDPHIFTVNFNNGIGRHRTYLCYEVERLDNGT
TVNFNNGIGRHRTYL	14	28	15	ASGPRHLMDPHIFTVNFNNGIGRHRTYLCYEVERLDNGT
VNFNNGIGRHRTYLC	15	29	15	ASGPRHLMDPHIFTVNFNNGIGRHRTYLCYEVERLDNGT
NFNNGIGRHRTYLCY	16	30	15	ASGPRHLMDPHIFTVNFNNGIGRHRTYLCYEVERLDNGT
FNNGIGRHRTYLCYE	17	31	15	ASGPRHLMDPHIFTVNFNNGIGRHRTYLCYEVERLDNGT
NNGIGRHRTYLCYEV	18	32	15	ASGPRHLMDPHIFTVNFNNGIGRHRTYLCYEVERLDNGT
NGIGRHRTYLCYEVE	19	33	15	ASGPRHLMDPHIFTVNFNNGIGRHRTYLCYEVERLDNGT
GIGRHRTYLCYEVER	20	34	15	ASGPRHLMDPHIFTVNFNNGIGRHRTYLCYEVERLDNGT
IGRHRTYLCYEVERL	21	35	15	ASGPRHLMDPHIFTVNFNNGIGRHRTYLCYEVERLDNGT
GRHRTYLCYEVERLD	22	36	15	ASGPRHLMDPHIFTVNFNNGIGRHRTYLCYEVERLDNGT
RHRTYLCYEVERLDN	23	37	15	ASGPRHLMDPHIFTVNFNNGIGRHRTYLCYEVERLDNGT
HRTYLCYEVERLDNG	24	38	15	ASGPRHLMDPHIFTVNFNNGIGRHRTYLCYEVERLDNGT
RTYLCYEVERLDNGT	25	39	15	ASGPRHLMDPHIFTVNFNNGIGRHRTYLCYEVERLDNGT
SGPRHLMDPHIFTSC	1	15	15	SGPRHLMDPHIFTSCFNNGIGRHRTYLCYEVERLDNGT
GPRHLMDPHIFTSCF	2	16	15	SGPRHLMDPHIFTSCFNNGIGRHRTYLCYEVERLDNGT
PRHLMDPHIFTSCFN	3	17	15	SGPRHLMDPHIFTSCFNNGIGRHRTYLCYEVERLDNGT
RHLMDPHIFTSCFNN	4	18	15	SGPRHLMDPHIFTSCFNNGIGRHRTYLCYEVERLDNGT
HLMDPHIFTSCFNNG	5	19	15	SGPRHLMDPHIFTSCFNNGIGRHRTYLCYEVERLDNGT
LMDPHIFTSCFNNGI	6	20	15	SGPRHLMDPHIFTSCFNNGIGRHRTYLCYEVERLDNGT
MDPHIFTSCFNNGIG	7	21	15	SGPRHLMDPHIFTSCFNNGIGRHRTYLCYEVERLDNGT
DPHIFTSCFNNGIGR	8	22	15	SGPRHLMDPHIFTSCFNNGIGRHRTYLCYEVERLDNGT
PHIFTSCFNNGIGRH	9	23	15	SGPRHLMDPHIFTSCFNNGIGRHRTYLCYEVERLDNGT
HIFTSCFNNGIGRHR	10	24	15	SGPRHLMDPHIFTSCFNNGIGRHRTYLCYEVERLDNGT
IFTSCFNNGIGRHRT	11	25	15	SGPRHLMDPHIFTSCFNNGIGRHRTYLCYEVERLDNGT
FTSCFNNGIGRHRTY	12	26	15	SGPRHLMDPHIFTSCFNNGIGRHRTYLCYEVERLDNGT
TSCFNNGIGRHRTYL	13	27	15	SGPRHLMDPHIFTSCFNNGIGRHRTYLCYEVERLDNGT
SCFNNGIGRHRTYLC	14	28	15	SGPRHLMDPHIFTSCFNNGIGRHRTYLCYEVERLDNGT
CFNNGIGRHRTYLCY	15	29	15	SGPRHLMDPHIFTSCFNNGIGRHRTYLCYEVERLDNGT
FNNGIGRHRTYLCYE	16	30	15	SGPRHLMDPHIFTSCFNNGIGRHRTYLCYEVERLDNGT
NNGIGRHRTYLCYEV	17	31	15	SGPRHLMDPHIFTSCFNNGIGRHRTYLCYEVERLDNGT
NGIGRHRTYLCYEVE	18	32	15	SGPRHLMDPHIFTSCFNNGIGRHRTYLCYEVERLDNGT
GIGRHRTYLCYEVER	19	33	15	SGPRHLMDPHIFTSCFNNGIGRHRTYLCYEVERLDNGT
IGRHRTYLCYEVERL	20	34	15	SGPRHLMDPHIFTSCFNNGIGRHRTYLCYEVERLDNGT
GRHRTYLCYEVERLD	21	35	15	SGPRHLMDPHIFTSCFNNGIGRHRTYLCYEVERLDNGT
RHRTYLCYEVERLDN	22	36	15	SGPRHLMDPHIFTSCFNNGIGRHRTYLCYEVERLDNGT
HRTYLCYEVERLDNG	23	37	15	SGPRHLMDPHIFTSCFNNGIGRHRTYLCYEVERLDNGT
RTYLCYEVERLDNGT	24	38	15	SGPRHLMDPHIFTSCFNNGIGRHRTYLCYEVERLDNGT
SGPRHLMDPHIFTSG	1	15	15	SGPRHLMDPHIFTSGFNNGIGRHRTYLCYEVERLDNGT
GPRHLMDPHIFTSGF	2	16	15	SGPRHLMDPHIFTSGFNNGIGRHRTYLCYEVERLDNGT
PRHLMDPHIFTSGFN	3	17	15	SGPRHLMDPHIFTSGFNNGIGRHRTYLCYEVERLDNGT
RHLMDPHIFTSGFNN	4	18	15	SGPRHLMDPHIFTSGFNNGIGRHRTYLCYEVERLDNGT
HLMDPHIFTSGFNNG	5	19	15	SGPRHLMDPHIFTSGFNNGIGRHRTYLCYEVERLDNGT
LMDPHIFTSGFNNGI	6	20	15	SGPRHLMDPHIFTSGFNNGIGRHRTYLCYEVERLDNGT
MDPHIFTSGFNNGIG	7	21	15	SGPRHLMDPHIFTSGFNNGIGRHRTYLCYEVERLDNGT
DPHIFTSGFNNGIGR	8	22	15	SGPRHLMDPHIFTSGFNNGIGRHRTYLCYEVERLDNGT
PHIFTSGFNNGIGRH	9	23	15	SGPRHLMDPHIFTSGFNNGIGRHRTYLCYEVERLDNGT
HIFTSGFNNGIGRHR	10	24	15	SGPRHLMDPHIFTSGFNNGIGRHRTYLCYEVERLDNGT
IFTSGFNNGIGRHRT	11	25	15	SGPRHLMDPHIFTSGFNNGIGRHRTYLCYEVERLDNGT
FTSGFNNGIGRHRTY	12	26	15	SGPRHLMDPHIFTSGFNNGIGRHRTYLCYEVERLDNGT
TSGFNNGIGRHRTYL	13	27	15	SGPRHLMDPHIFTSGFNNGIGRHRTYLCYEVERLDNGT
SGFNNGIGRHRTYLC	14	28	15	SGPRHLMDPHIFTSGFNNGIGRHRTYLCYEVERLDNGT
GFNNGIGRHRTYLCY	15	29	15	SGPRHLMDPHIFTSGFNNGIGRHRTYLCYEVERLDNGT
FNNGIGRHRTYLCYE	16	30	15	SGPRHLMDPHIFTSGFNNGIGRHRTYLCYEVERLDNGT
NNGIGRHRTYLCYEV	17	31	15	SGPRHLMDPHIFTSGFNNGIGRHRTYLCYEVERLDNGT
NGIGRHRTYLCYEVE	18	32	15	SGPRHLMDPHIFTSGFNNGIGRHRTYLCYEVERLDNGT
GIGRHRTYLCYEVER	19	33	15	SGPRHLMDPHIFTSGFNNGIGRHRTYLCYEVERLDNGT
IGRHRTYLCYEVERL	20	34	15	SGPRHLMDPHIFTSGFNNGIGRHRTYLCYEVERLDNGT
GRHRTYLCYEVERLD	21	35	15	SGPRHLMDPHIFTSGFNNGIGRHRTYLCYEVERLDNGT
RHRTYLCYEVERLDN	22	36	15	SGPRHLMDPHIFTSGFNNGIGRHRTYLCYEVERLDNGT
HRTYLCYEVERLDNG	23	37	15	SGPRHLMDPHIFTSGFNNGIGRHRTYLCYEVERLDNGT
RTYLCYEVERLDNGT	24	38	15	SGPRHLMDPHIFTSGFNNGIGRHRTYLCYEVERLDNGT
SGPRHLMDPHIFTSL	1	15	15	SGPRHLMDPHIFTSLFNNGIGRHRTYLCYEVERLDNGT
GPRHLMDPHIFTSLF	2	16	15	SGPRHLMDPHIFTSLFNNGIGRHRTYLCYEVERLDNGT
PRHLMDPHIFTSLFN	3	17	15	SGPRHLMDPHIFTSLFNNGIGRHRTYLCYEVERLDNGT
RHLMDPHIFTSLFNN	4	18	15	SGPRHLMDPHIFTSLFNNGIGRHRTYLCYEVERLDNGT
HLMDPHIFTSLFNNG	5	19	15	SGPRHLMDPHIFTSLFNNGIGRHRTYLCYEVERLDNGT
LMDPHIFTSLFNNGI	6	20	15	SGPRHLMDPHIFTSLFNNGIGRHRTYLCYEVERLDNGT
MDPHIFTSLFNNGIG	7	21	15	SGPRHLMDPHIFTSLFNNGIGRHRTYLCYEVERLDNGT
DPHIFTSLFNNGIGR	8	22	15	SGPRHLMDPHIFTSLFNNGIGRHRTYLCYEVERLDNGT
PHIFTSLFNNGIGRH	9	23	15	SGPRHLMDPHIFTSLFNNGIGRHRTYLCYEVERLDNGT
HIFTSLFNNGIGRHR	10	24	15	SGPRHLMDPHIFTSLFNNGIGRHRTYLCYEVERLDNGT
IFTSLFNNGIGRHRT	11	25	15	SGPRHLMDPHIFTSLFNNGIGRHRTYLCYEVERLDNGT
FTSLFNNGIGRHRTY	12	26	15	SGPRHLMDPHIFTSLFNNGIGRHRTYLCYEVERLDNGT
TSLFNNGIGRHRTYL	13	27	15	SGPRHLMDPHIFTSLFNNGIGRHRTYLCYEVERLDNGT
SLFNNGIGRHRTYLC	14	28	15	SGPRHLMDPHIFTSLFNNGIGRHRTYLCYEVERLDNGT
LFNNGIGRHRTYLCY	15	29	15	SGPRHLMDPHIFTSLFNNGIGRHRTYLCYEVERLDNGT
FNNGIGRHRTYLCYE	16	30	15	SGPRHLMDPHIFTSLFNNGIGRHRTYLCYEVERLDNGT
NNGIGRHRTYLCYEV	17	31	15	SGPRHLMDPHIFTSLFNNGIGRHRTYLCYEVERLDNGT
NGIGRHRTYLCYEVE	18	32	15	SGPRHLMDPHIFTSLFNNGIGRHRTYLCYEVERLDNGT
GIGRHRTYLCYEVER	19	33	15	SGPRHLMDPHIFTSLFNNGIGRHRTYLCYEVERLDNGT
IGRHRTYLCYEVERL	20	34	15	SGPRHLMDPHIFTSLFNNGIGRHRTYLCYEVERLDNGT
GRHRTYLCYEVERLD	21	35	15	SGPRHLMDPHIFTSLFNNGIGRHRTYLCYEVERLDNGT
RHRTYLCYEVERLDN	22	36	15	SGPRHLMDPHIFTSLFNNGIGRHRTYLCYEVERLDNGT
HRTYLCYEVERLDNG	23	37	15	SGPRHLMDPHIFTSLFNNGIGRHRTYLCYEVERLDNGT
RTYLCYEVERLDNGT	24	38	15	SGPRHLMDPHIFTSLFNNGIGRHRTYLCYEVERLDNGT
